2011,2,2,A,BUY,100
2011,2,9,A,SELL,100
2012,2,21,A,BUY,100
2012,2,28,A,SELL,100
2012,8,20,A,BUY,100
2012,8,27,A,SELL,100
2012,2,17,AA,BUY,100
2012,2,27,AA,SELL,100
2012,2,29,AA,BUY,100
2012,3,7,AA,SELL,100
2011,7,21,ABC,BUY,100
2011,7,28,ABC,SELL,100
2012,2,13,ABC,BUY,100
2012,2,21,ABC,SELL,100
2012,3,2,ABC,BUY,100
2012,3,9,ABC,SELL,100
2012,8,14,ABC,BUY,100
2012,8,21,ABC,SELL,100
2011,2,7,ABT,BUY,100
2011,2,14,ABT,SELL,100
2012,1,25,ABT,BUY,100
2012,2,1,ABT,SELL,100
2012,2,29,ACE,BUY,100
2012,3,7,ACE,SELL,100
2012,1,5,ACN,BUY,100
2012,1,12,ACN,SELL,100
2011,2,9,ADBE,BUY,100
2011,2,16,ADBE,SELL,100
2011,4,26,ADBE,BUY,100
2011,5,3,ADBE,SELL,100
2011,4,29,ADBE,BUY,100
2011,5,6,ADBE,SELL,100
2012,2,24,ADI,BUY,100
2012,3,2,ADI,SELL,100
2012,3,1,ADI,BUY,100
2012,3,8,ADI,SELL,100
2011,5,3,ADM,BUY,100
2011,5,10,ADM,SELL,100
2012,6,19,ADM,BUY,100
2012,6,26,ADM,SELL,100
2012,7,2,ADM,BUY,100
2012,7,10,ADM,SELL,100
2012,7,19,ADM,BUY,100
2012,7,26,ADM,SELL,100
2012,7,31,ADM,BUY,100
2012,8,7,ADM,SELL,100
2012,2,8,ADP,BUY,100
2012,2,15,ADP,SELL,100
2012,2,21,ADP,BUY,100
2012,2,28,ADP,SELL,100
2012,9,12,ADP,BUY,100
2012,9,19,ADP,SELL,100
2012,3,2,ADSK,BUY,100
2012,3,9,ADSK,SELL,100
2012,1,19,AEE,BUY,100
2012,1,26,AEE,SELL,100
2012,1,27,AEE,BUY,100
2012,2,3,AEE,SELL,100
2012,2,10,AEE,BUY,100
2012,2,17,AEE,SELL,100
2012,3,19,AEE,BUY,100
2012,3,26,AEE,SELL,100
2012,8,17,AEE,BUY,100
2012,8,24,AEE,SELL,100
2012,9,12,AEE,BUY,100
2012,9,19,AEE,SELL,100
2011,2,2,AEP,BUY,100
2011,2,9,AEP,SELL,100
2011,2,4,AEP,BUY,100
2011,2,11,AEP,SELL,100
2012,1,23,AEP,BUY,100
2012,1,30,AEP,SELL,100
2012,1,27,AEP,BUY,100
2012,2,3,AEP,SELL,100
2012,2,23,AEP,BUY,100
2012,3,1,AEP,SELL,100
2011,2,2,AES,BUY,100
2011,2,9,AES,SELL,100
2011,2,9,AES,BUY,100
2011,2,16,AES,SELL,100
2012,3,14,AES,BUY,100
2012,3,21,AES,SELL,100
2012,8,6,AES,BUY,100
2012,8,13,AES,SELL,100
2012,9,12,AES,BUY,100
2012,9,19,AES,SELL,100
2012,1,25,AET,BUY,100
2012,2,1,AET,SELL,100
2012,3,12,AET,BUY,100
2012,3,19,AET,SELL,100
2012,7,31,AET,BUY,100
2012,8,7,AET,SELL,100
2012,9,12,AET,BUY,100
2012,9,19,AET,SELL,100
2011,2,10,AFL,BUY,100
2011,2,17,AFL,SELL,100
2012,2,21,AFL,BUY,100
2012,2,28,AFL,SELL,100
2012,2,1,AGN,BUY,100
2012,2,8,AGN,SELL,100
2012,5,2,AGN,BUY,100
2012,5,9,AGN,SELL,100
2012,7,18,AGN,BUY,100
2012,7,25,AGN,SELL,100
2012,7,31,AGN,BUY,100
2012,8,7,AGN,SELL,100
2011,2,4,AIG,BUY,100
2011,2,11,AIG,SELL,100
2011,3,31,AIG,BUY,100
2011,4,7,AIG,SELL,100
2012,3,19,AIG,BUY,100
2012,3,26,AIG,SELL,100
2012,9,10,AIG,BUY,100
2012,9,17,AIG,SELL,100
2011,2,4,AIV,BUY,100
2011,2,11,AIV,SELL,100
2012,3,1,AIV,BUY,100
2012,3,8,AIV,SELL,100
2012,1,11,AIZ,BUY,100
2012,1,19,AIZ,SELL,100
2012,3,15,AIZ,BUY,100
2012,3,22,AIZ,SELL,100
2012,8,22,AIZ,BUY,100
2012,8,29,AIZ,SELL,100
2011,2,7,AKAM,BUY,100
2011,2,14,AKAM,SELL,100
2011,2,10,AKAM,BUY,100
2011,2,17,AKAM,SELL,100
2011,4,28,AKAM,BUY,100
2011,5,5,AKAM,SELL,100
2012,1,23,AKAM,BUY,100
2012,1,30,AKAM,SELL,100
2012,1,26,AKAM,BUY,100
2012,2,2,AKAM,SELL,100
2011,2,14,ALL,BUY,100
2011,2,22,ALL,SELL,100
2012,2,21,ALTR,BUY,100
2012,2,28,ALTR,SELL,100
2012,5,1,ALTR,BUY,100
2012,5,8,ALTR,SELL,100
2012,6,14,ALTR,BUY,100
2012,6,21,ALTR,SELL,100
2011,4,25,ALXN,BUY,100
2011,5,2,ALXN,SELL,100
2011,11,3,ALXN,BUY,100
2011,11,10,ALXN,SELL,100
2012,8,20,ALXN,BUY,100
2012,8,27,ALXN,SELL,100
2012,2,29,AMAT,BUY,100
2012,3,7,AMAT,SELL,100
2012,9,12,AMAT,BUY,100
2012,9,19,AMAT,SELL,100
2011,4,4,AMD,BUY,100
2011,4,11,AMD,SELL,100
2011,6,29,AMGN,BUY,100
2011,7,7,AMGN,SELL,100
2011,7,6,AMGN,BUY,100
2011,7,13,AMGN,SELL,100
2011,7,8,AMGN,BUY,100
2011,7,15,AMGN,SELL,100
2012,2,9,AMGN,BUY,100
2012,2,16,AMGN,SELL,100
2012,2,21,AMGN,BUY,100
2012,2,28,AMGN,SELL,100
2012,3,21,AMGN,BUY,100
2012,3,28,AMGN,SELL,100
2012,9,12,AMGN,BUY,100
2012,9,19,AMGN,SELL,100
2011,2,3,AMP,BUY,100
2011,2,10,AMP,SELL,100
2011,4,26,AMP,BUY,100
2011,5,3,AMP,SELL,100
2012,2,2,AMP,BUY,100
2012,2,9,AMP,SELL,100
2012,2,17,AMT,BUY,100
2012,2,27,AMT,SELL,100
2012,2,28,AMT,BUY,100
2012,3,6,AMT,SELL,100
2012,3,2,AMT,BUY,100
2012,3,9,AMT,SELL,100
2012,3,9,AMT,BUY,100
2012,3,16,AMT,SELL,100
2012,8,8,AMT,BUY,100
2012,8,15,AMT,SELL,100
2011,10,26,AMZN,BUY,100
2011,11,2,AMZN,SELL,100
2012,2,16,AMZN,BUY,100
2012,2,24,AMZN,SELL,100
2012,2,22,AMZN,BUY,100
2012,2,29,AMZN,SELL,100
2011,9,16,AN,BUY,100
2011,9,23,AN,SELL,100
2012,1,4,AN,BUY,100
2012,1,11,AN,SELL,100
2012,2,14,AN,BUY,100
2012,2,22,AN,SELL,100
2012,2,29,AN,BUY,100
2012,3,7,AN,SELL,100
2012,8,6,AN,BUY,100
2012,8,13,AN,SELL,100
2011,2,2,ANF,BUY,100
2011,2,9,ANF,SELL,100
2011,11,3,ANF,BUY,100
2011,11,10,ANF,SELL,100
2012,1,5,ANF,BUY,100
2012,1,12,ANF,SELL,100
2012,1,20,ANF,BUY,100
2012,1,27,ANF,SELL,100
2012,2,2,ANF,BUY,100
2012,2,9,ANF,SELL,100
2011,2,9,ANR,BUY,100
2011,2,16,ANR,SELL,100
2012,1,17,ANR,BUY,100
2012,1,24,ANR,SELL,100
2012,1,19,ANR,BUY,100
2012,1,26,ANR,SELL,100
2012,2,17,ANR,BUY,100
2012,2,27,ANR,SELL,100
2012,2,27,ANR,BUY,100
2012,3,5,ANR,SELL,100
2012,3,26,ANR,BUY,100
2012,4,2,ANR,SELL,100
2012,8,8,ANR,BUY,100
2012,8,15,ANR,SELL,100
2012,2,24,AON,BUY,100
2012,3,2,AON,SELL,100
2012,9,10,AON,BUY,100
2012,9,17,AON,SELL,100
2011,2,3,APA,BUY,100
2011,2,10,APA,SELL,100
2012,3,20,APA,BUY,100
2012,3,27,APA,SELL,100
2011,4,27,APC,BUY,100
2011,5,4,APC,SELL,100
2012,3,2,APC,BUY,100
2012,3,9,APC,SELL,100
2012,3,14,APC,BUY,100
2012,3,21,APC,SELL,100
2012,3,20,APC,BUY,100
2012,3,27,APC,SELL,100
2011,7,22,APD,BUY,100
2011,7,29,APD,SELL,100
2012,3,9,APD,BUY,100
2012,3,16,APD,SELL,100
2011,4,1,APH,BUY,100
2011,4,8,APH,SELL,100
2012,2,16,APOL,BUY,100
2012,2,24,APOL,SELL,100
2012,2,21,APOL,BUY,100
2012,2,28,APOL,SELL,100
2012,2,27,APOL,BUY,100
2012,3,5,APOL,SELL,100
2012,3,27,APOL,BUY,100
2012,4,3,APOL,SELL,100
2012,5,2,APOL,BUY,100
2012,5,9,APOL,SELL,100
2011,2,8,ARG,BUY,100
2011,2,15,ARG,SELL,100
2012,1,26,ARG,BUY,100
2012,2,2,ARG,SELL,100
2012,2,2,ARG,BUY,100
2012,2,9,ARG,SELL,100
2012,6,14,ARG,BUY,100
2012,6,21,ARG,SELL,100
2012,7,31,ARG,BUY,100
2012,8,7,ARG,SELL,100
2012,1,26,ATI,BUY,100
2012,2,2,ATI,SELL,100
2012,2,10,ATI,BUY,100
2012,2,17,ATI,SELL,100
2012,2,21,ATI,BUY,100
2012,2,28,ATI,SELL,100
2012,3,2,ATI,BUY,100
2012,3,9,ATI,SELL,100
2012,6,18,ATI,BUY,100
2012,6,25,ATI,SELL,100
2012,1,12,AVB,BUY,100
2012,1,20,AVB,SELL,100
2012,2,21,AVB,BUY,100
2012,2,28,AVB,SELL,100
2012,2,28,AVB,BUY,100
2012,3,6,AVB,SELL,100
2012,8,6,AVB,BUY,100
2012,8,13,AVB,SELL,100
2012,9,12,AVB,BUY,100
2012,9,19,AVB,SELL,100
2011,2,2,AVP,BUY,100
2011,2,9,AVP,SELL,100
2011,10,27,AVP,BUY,100
2011,11,3,AVP,SELL,100
2012,2,10,AVP,BUY,100
2012,2,17,AVP,SELL,100
2012,6,18,AVP,BUY,100
2012,6,25,AVP,SELL,100
2011,2,2,AVY,BUY,100
2011,2,9,AVY,SELL,100
2011,2,10,AVY,BUY,100
2011,2,17,AVY,SELL,100
2012,1,24,AVY,BUY,100
2012,1,31,AVY,SELL,100
2012,7,19,AXP,BUY,100
2012,7,26,AXP,SELL,100
2012,8,10,AXP,BUY,100
2012,8,17,AXP,SELL,100
2012,3,2,BA,BUY,100
2012,3,9,BA,SELL,100
2012,3,9,BA,BUY,100
2012,3,16,BA,SELL,100
2012,9,10,BA,BUY,100
2012,9,17,BA,SELL,100
2011,4,29,BAC,BUY,100
2011,5,6,BAC,SELL,100
2012,5,2,BAC,BUY,100
2012,5,9,BAC,SELL,100
2012,7,18,BAC,BUY,100
2012,7,25,BAC,SELL,100
2011,10,20,BAX,BUY,100
2011,10,27,BAX,SELL,100
2011,10,25,BAX,BUY,100
2011,11,1,BAX,SELL,100
2012,8,22,BAX,BUY,100
2012,8,29,BAX,SELL,100
2011,2,2,BBBY,BUY,100
2011,2,9,BBBY,SELL,100
2012,2,9,BBBY,BUY,100
2012,2,16,BBBY,SELL,100
2011,2,8,BBY,BUY,100
2011,2,15,BBY,SELL,100
2012,2,3,BBY,BUY,100
2012,2,10,BBY,SELL,100
2012,3,2,BBY,BUY,100
2012,3,9,BBY,SELL,100
2012,3,14,BBY,BUY,100
2012,3,21,BBY,SELL,100
2011,7,22,BCR,BUY,100
2011,7,29,BCR,SELL,100
2011,10,17,BCR,BUY,100
2011,10,24,BCR,SELL,100
2011,10,26,BCR,BUY,100
2011,11,2,BCR,SELL,100
2011,2,8,BDX,BUY,100
2011,2,15,BDX,SELL,100
2012,2,10,BDX,BUY,100
2012,2,17,BDX,SELL,100
2012,2,14,BDX,BUY,100
2012,2,22,BDX,SELL,100
2012,2,23,BDX,BUY,100
2012,3,1,BDX,SELL,100
2012,2,29,BDX,BUY,100
2012,3,7,BDX,SELL,100
2011,2,2,BEAM,BUY,100
2011,2,9,BEAM,SELL,100
2011,2,14,BEAM,BUY,100
2011,2,22,BEAM,SELL,100
2012,8,10,BEAM,BUY,100
2012,8,17,BEAM,SELL,100
2012,8,20,BEAM,BUY,100
2012,8,27,BEAM,SELL,100
2011,2,2,BF.B,BUY,100
2011,2,9,BF.B,SELL,100
2011,2,9,BF.B,BUY,100
2011,2,16,BF.B,SELL,100
2012,1,6,BF.B,BUY,100
2012,1,13,BF.B,SELL,100
2012,2,17,BF.B,BUY,100
2012,2,27,BF.B,SELL,100
2012,3,15,BF.B,BUY,100
2012,3,22,BF.B,SELL,100
2012,8,8,BF.B,BUY,100
2012,8,15,BF.B,SELL,100
2011,12,7,BHI,BUY,100
2011,12,14,BHI,SELL,100
2012,1,23,BHI,BUY,100
2012,1,30,BHI,SELL,100
2012,2,10,BHI,BUY,100
2012,2,17,BHI,SELL,100
2012,3,12,BHI,BUY,100
2012,3,19,BHI,SELL,100
2012,3,15,BHI,BUY,100
2012,3,22,BHI,SELL,100
2012,3,21,BHI,BUY,100
2012,3,28,BHI,SELL,100
2012,3,2,BIG,BUY,100
2012,3,9,BIG,SELL,100
2012,8,10,BIG,BUY,100
2012,8,17,BIG,SELL,100
2011,2,3,BIIB,BUY,100
2011,2,10,BIIB,SELL,100
2011,2,7,BIIB,BUY,100
2011,2,14,BIIB,SELL,100
2012,2,17,BIIB,BUY,100
2012,2,27,BIIB,SELL,100
2011,2,15,BK,BUY,100
2011,2,23,BK,SELL,100
2011,4,28,BK,BUY,100
2011,5,5,BK,SELL,100
2012,1,26,BK,BUY,100
2012,2,2,BK,SELL,100
2012,5,2,BLK,BUY,100
2012,5,9,BLK,SELL,100
2011,10,27,BMC,BUY,100
2011,11,3,BMC,SELL,100
2012,1,4,BMC,BUY,100
2012,1,11,BMC,SELL,100
2012,1,6,BMC,BUY,100
2012,1,13,BMC,SELL,100
2012,2,29,BMC,BUY,100
2012,3,7,BMC,SELL,100
2011,2,1,BMS,BUY,100
2011,2,8,BMS,SELL,100
2011,4,28,BMS,BUY,100
2011,5,5,BMS,SELL,100
2011,10,26,BMS,BUY,100
2011,11,2,BMS,SELL,100
2012,2,24,BMS,BUY,100
2012,3,2,BMS,SELL,100
2012,8,8,BMS,BUY,100
2012,8,15,BMS,SELL,100
2011,2,11,BMY,BUY,100
2011,2,18,BMY,SELL,100
2012,1,13,BMY,BUY,100
2012,1,23,BMY,SELL,100
2012,2,2,BMY,BUY,100
2012,2,9,BMY,SELL,100
2012,2,6,BMY,BUY,100
2012,2,13,BMY,SELL,100
2012,2,10,BMY,BUY,100
2012,2,17,BMY,SELL,100
2012,2,14,BMY,BUY,100
2012,2,22,BMY,SELL,100
2012,8,17,BMY,BUY,100
2012,8,24,BMY,SELL,100
2011,2,2,BRCM,BUY,100
2011,2,9,BRCM,SELL,100
2011,2,9,BRCM,BUY,100
2011,2,16,BRCM,SELL,100
2011,3,31,BRCM,BUY,100
2011,4,7,BRCM,SELL,100
2011,4,27,BRCM,BUY,100
2011,5,4,BRCM,SELL,100
2012,3,2,BRCM,BUY,100
2012,3,9,BRCM,SELL,100
2011,4,5,BRK.B,BUY,100
2011,4,12,BRK.B,SELL,100
2012,2,29,BRK.B,BUY,100
2012,3,7,BRK.B,SELL,100
2012,3,2,BRK.B,BUY,100
2012,3,9,BRK.B,SELL,100
2011,2,2,BSX,BUY,100
2011,2,9,BSX,SELL,100
2011,5,10,BSX,BUY,100
2011,5,17,BSX,SELL,100
2011,10,17,BSX,BUY,100
2011,10,24,BSX,SELL,100
2011,10,20,BSX,BUY,100
2011,10,27,BSX,SELL,100
2011,10,25,BSX,BUY,100
2011,11,1,BSX,SELL,100
2012,2,14,BTU,BUY,100
2012,2,22,BTU,SELL,100
2012,2,29,BTU,BUY,100
2012,3,7,BTU,SELL,100
2012,3,27,BTU,BUY,100
2012,4,3,BTU,SELL,100
2012,2,22,BXP,BUY,100
2012,2,29,BXP,SELL,100
2012,2,24,BXP,BUY,100
2012,3,2,BXP,SELL,100
2012,5,2,C,BUY,100
2012,5,9,C,SELL,100
2012,7,27,CA,BUY,100
2012,8,3,CA,SELL,100
2011,2,11,CAG,BUY,100
2011,2,18,CAG,SELL,100
2011,2,15,CAG,BUY,100
2011,2,23,CAG,SELL,100
2012,2,7,CAG,BUY,100
2012,2,14,CAG,SELL,100
2012,2,17,CAG,BUY,100
2012,2,27,CAG,SELL,100
2012,2,28,CAG,BUY,100
2012,3,6,CAG,SELL,100
2012,6,20,CAG,BUY,100
2012,6,27,CAG,SELL,100
2012,3,2,CAH,BUY,100
2012,3,9,CAH,SELL,100
2012,3,19,CAH,BUY,100
2012,3,26,CAH,SELL,100
2012,8,13,CAH,BUY,100
2012,8,20,CAH,SELL,100
2011,3,30,CAM,BUY,100
2011,4,6,CAM,SELL,100
2011,4,28,CAM,BUY,100
2011,5,5,CAM,SELL,100
2012,3,2,CAM,BUY,100
2012,3,9,CAM,SELL,100
2012,3,20,CAM,BUY,100
2012,3,27,CAM,SELL,100
2012,3,27,CAM,BUY,100
2012,4,3,CAM,SELL,100
2012,6,15,CAM,BUY,100
2012,6,22,CAM,SELL,100
2012,3,2,CAT,BUY,100
2012,3,9,CAT,SELL,100
2012,3,12,CAT,BUY,100
2012,3,19,CAT,SELL,100
2012,3,21,CAT,BUY,100
2012,3,28,CAT,SELL,100
2012,1,27,CB,BUY,100
2012,2,3,CB,SELL,100
2012,2,6,CB,BUY,100
2012,2,13,CB,SELL,100
2012,2,29,CB,BUY,100
2012,3,7,CB,SELL,100
2011,5,2,CBE,BUY,100
2011,5,9,CBE,SELL,100
2011,7,21,CBE,BUY,100
2011,7,28,CBE,SELL,100
2012,6,18,CBE,BUY,100
2012,6,25,CBE,SELL,100
2011,4,27,CBG,BUY,100
2011,5,4,CBG,SELL,100
2012,2,28,CBG,BUY,100
2012,3,6,CBG,SELL,100
2012,3,14,CCE,BUY,100
2012,3,21,CCE,SELL,100
2011,3,31,CCL,BUY,100
2011,4,7,CCL,SELL,100
2011,4,7,CCL,BUY,100
2011,4,14,CCL,SELL,100
2012,1,17,CCL,BUY,100
2012,1,24,CCL,SELL,100
2012,1,20,CCL,BUY,100
2012,1,27,CCL,SELL,100
2012,1,25,CCL,BUY,100
2012,2,1,CCL,SELL,100
2012,2,14,CCL,BUY,100
2012,2,22,CCL,SELL,100
2012,2,24,CCL,BUY,100
2012,3,2,CCL,SELL,100
2012,2,9,CELG,BUY,100
2012,2,16,CELG,SELL,100
2011,10,17,CERN,BUY,100
2011,10,24,CERN,SELL,100
2011,10,27,CERN,BUY,100
2011,11,3,CERN,SELL,100
2012,1,23,CERN,BUY,100
2012,1,30,CERN,SELL,100
2012,7,27,CERN,BUY,100
2012,8,3,CERN,SELL,100
2012,8,20,CERN,BUY,100
2012,8,27,CERN,SELL,100
2011,5,3,CF,BUY,100
2011,5,10,CF,SELL,100
2011,7,1,CF,BUY,100
2011,7,11,CF,SELL,100
2011,6,29,CFN,BUY,100
2011,7,7,CFN,SELL,100
2012,1,9,CFN,BUY,100
2012,1,17,CFN,SELL,100
2012,3,12,CFN,BUY,100
2012,3,19,CFN,SELL,100
2011,5,3,CHK,BUY,100
2011,5,10,CHK,SELL,100
2012,1,12,CHK,BUY,100
2012,1,20,CHK,SELL,100
2012,5,2,CHK,BUY,100
2012,5,9,CHK,SELL,100
2011,2,2,CHRW,BUY,100
2011,2,9,CHRW,SELL,100
2011,2,14,CHRW,BUY,100
2011,2,22,CHRW,SELL,100
2011,10,26,CHRW,BUY,100
2011,11,2,CHRW,SELL,100
2012,1,11,CHRW,BUY,100
2012,1,19,CHRW,SELL,100
2012,1,17,CHRW,BUY,100
2012,1,24,CHRW,SELL,100
2012,2,1,CHRW,BUY,100
2012,2,8,CHRW,SELL,100
2012,3,15,CHRW,BUY,100
2012,3,22,CHRW,SELL,100
2012,3,20,CHRW,BUY,100
2012,3,27,CHRW,SELL,100
2012,2,2,CI,BUY,100
2012,2,9,CI,SELL,100
2012,7,2,CI,BUY,100
2012,7,10,CI,SELL,100
2012,7,19,CI,BUY,100
2012,7,26,CI,SELL,100
2012,7,31,CI,BUY,100
2012,8,7,CI,SELL,100
2011,4,28,CINF,BUY,100
2011,5,5,CINF,SELL,100
2011,4,25,CL,BUY,100
2011,5,2,CL,SELL,100
2012,1,6,CL,BUY,100
2012,1,13,CL,SELL,100
2012,1,10,CL,BUY,100
2012,1,18,CL,SELL,100
2012,9,10,CL,BUY,100
2012,9,17,CL,SELL,100
2011,4,29,CLF,BUY,100
2011,5,6,CLF,SELL,100
2011,5,10,CLF,BUY,100
2011,5,17,CLF,SELL,100
2012,2,14,CLF,BUY,100
2012,2,22,CLF,SELL,100
2012,2,27,CLF,BUY,100
2012,3,5,CLF,SELL,100
2011,4,25,CLX,BUY,100
2011,5,2,CLX,SELL,100
2011,5,3,CLX,BUY,100
2011,5,10,CLX,SELL,100
2012,2,10,CLX,BUY,100
2012,2,17,CLX,SELL,100
2012,2,21,CLX,BUY,100
2012,2,28,CLX,SELL,100
2012,2,24,CLX,BUY,100
2012,3,2,CLX,SELL,100
2012,2,29,CLX,BUY,100
2012,3,7,CLX,SELL,100
2012,5,2,CLX,BUY,100
2012,5,9,CLX,SELL,100
2012,8,3,CLX,BUY,100
2012,8,10,CLX,SELL,100
2012,9,12,CLX,BUY,100
2012,9,19,CLX,SELL,100
2011,2,3,CME,BUY,100
2011,2,10,CME,SELL,100
2011,2,14,CME,BUY,100
2011,2,22,CME,SELL,100
2011,4,29,CME,BUY,100
2011,5,6,CME,SELL,100
2012,1,5,CME,BUY,100
2012,1,12,CME,SELL,100
2012,1,17,CME,BUY,100
2012,1,24,CME,SELL,100
2012,7,5,CME,BUY,100
2012,7,12,CME,SELL,100
2012,7,19,CME,BUY,100
2012,7,26,CME,SELL,100
2011,4,26,CMG,BUY,100
2011,5,3,CMG,SELL,100
2012,3,2,CMI,BUY,100
2012,3,9,CMI,SELL,100
2012,3,12,CMI,BUY,100
2012,3,19,CMI,SELL,100
2012,5,1,CMI,BUY,100
2012,5,8,CMI,SELL,100
2011,4,26,CMS,BUY,100
2011,5,3,CMS,SELL,100
2012,1,19,CMS,BUY,100
2012,1,26,CMS,SELL,100
2012,2,22,CMS,BUY,100
2012,2,29,CMS,SELL,100
2012,2,28,CMS,BUY,100
2012,3,6,CMS,SELL,100
2012,8,9,CMS,BUY,100
2012,8,16,CMS,SELL,100
2012,8,13,CMS,BUY,100
2012,8,20,CMS,SELL,100
2011,11,8,CNP,BUY,100
2011,11,15,CNP,SELL,100
2012,1,12,CNP,BUY,100
2012,1,20,CNP,SELL,100
2012,8,14,CNP,BUY,100
2012,8,21,CNP,SELL,100
2011,2,7,CNX,BUY,100
2011,2,14,CNX,SELL,100
2011,2,9,CNX,BUY,100
2011,2,16,CNX,SELL,100
2011,12,29,CNX,BUY,100
2012,1,6,CNX,SELL,100
2012,1,11,CNX,BUY,100
2012,1,19,CNX,SELL,100
2012,1,13,CNX,BUY,100
2012,1,23,CNX,SELL,100
2012,2,22,CNX,BUY,100
2012,2,29,CNX,SELL,100
2012,3,1,CNX,BUY,100
2012,3,8,CNX,SELL,100
2012,5,2,CNX,BUY,100
2012,5,9,CNX,SELL,100
2012,7,31,CNX,BUY,100
2012,8,7,CNX,SELL,100
2012,8,14,COF,BUY,100
2012,8,21,COF,SELL,100
2012,1,11,COG,BUY,100
2012,1,19,COG,SELL,100
2012,3,12,COG,BUY,100
2012,3,19,COG,SELL,100
2012,3,20,COG,BUY,100
2012,3,27,COG,SELL,100
2012,7,31,COH,BUY,100
2012,8,7,COH,SELL,100
2011,4,25,COL,BUY,100
2011,5,2,COL,SELL,100
2011,7,22,COL,BUY,100
2011,7,29,COL,SELL,100
2012,3,20,COL,BUY,100
2012,3,27,COL,SELL,100
2012,5,2,COL,BUY,100
2012,5,9,COL,SELL,100
2012,6,15,COL,BUY,100
2012,6,22,COL,SELL,100
2012,6,20,COL,BUY,100
2012,6,27,COL,SELL,100
2011,4,28,COP,BUY,100
2011,5,5,COP,SELL,100
2011,5,2,COP,BUY,100
2011,5,9,COP,SELL,100
2012,1,23,COP,BUY,100
2012,1,30,COP,SELL,100
2012,5,2,COP,BUY,100
2012,5,9,COP,SELL,100
2011,2,2,COST,BUY,100
2011,2,9,COST,SELL,100
2012,1,6,COST,BUY,100
2012,1,13,COST,SELL,100
2012,5,2,COST,BUY,100
2012,5,9,COST,SELL,100
2011,7,22,COV,BUY,100
2011,7,29,COV,SELL,100
2012,3,2,COV,BUY,100
2012,3,9,COV,SELL,100
2012,8,22,COV,BUY,100
2012,8,29,COV,SELL,100
2011,2,7,CPB,BUY,100
2011,2,14,CPB,SELL,100
2011,2,10,CPB,BUY,100
2011,2,17,CPB,SELL,100
2011,2,18,CPB,BUY,100
2011,2,28,CPB,SELL,100
2011,4,21,CPB,BUY,100
2011,4,29,CPB,SELL,100
2012,1,5,CPB,BUY,100
2012,1,12,CPB,SELL,100
2012,1,17,CPB,BUY,100
2012,1,24,CPB,SELL,100
2012,1,20,CPB,BUY,100
2012,1,27,CPB,SELL,100
2012,1,27,CPB,BUY,100
2012,2,3,CPB,SELL,100
2012,9,11,CPB,BUY,100
2012,9,18,CPB,SELL,100
2012,1,4,CRM,BUY,100
2012,1,11,CRM,SELL,100
2012,7,30,CRM,BUY,100
2012,8,6,CRM,SELL,100
2011,2,9,CSC,BUY,100
2011,2,16,CSC,SELL,100
2011,5,3,CSC,BUY,100
2011,5,10,CSC,SELL,100
2011,12,27,CSC,BUY,100
2012,1,4,CSC,SELL,100
2012,1,6,CSC,BUY,100
2012,1,13,CSC,SELL,100
2012,3,12,CSC,BUY,100
2012,3,19,CSC,SELL,100
2012,3,14,CSC,BUY,100
2012,3,21,CSC,SELL,100
2012,3,20,CSC,BUY,100
2012,3,27,CSC,SELL,100
2011,2,10,CSCO,BUY,100
2011,2,17,CSCO,SELL,100
2011,4,1,CSCO,BUY,100
2011,4,8,CSCO,SELL,100
2012,2,29,CSCO,BUY,100
2012,3,7,CSCO,SELL,100
2012,2,6,CSX,BUY,100
2012,2,13,CSX,SELL,100
2012,2,10,CSX,BUY,100
2012,2,17,CSX,SELL,100
2012,2,29,CSX,BUY,100
2012,3,7,CSX,SELL,100
2012,3,14,CSX,BUY,100
2012,3,21,CSX,SELL,100
2011,2,18,CTL,BUY,100
2011,2,28,CTL,SELL,100
2011,4,4,CTL,BUY,100
2011,4,11,CTL,SELL,100
2011,5,3,CTSH,BUY,100
2011,5,10,CTSH,SELL,100
2012,7,30,CTXS,BUY,100
2012,8,6,CTXS,SELL,100
2011,4,6,CVC,BUY,100
2011,4,13,CVC,SELL,100
2011,10,28,CVC,BUY,100
2011,11,4,CVC,SELL,100
2012,2,28,CVC,BUY,100
2012,3,6,CVC,SELL,100
2012,1,6,CVH,BUY,100
2012,1,13,CVH,SELL,100
2012,1,26,CVH,BUY,100
2012,2,2,CVH,SELL,100
2012,7,2,CVH,BUY,100
2012,7,10,CVH,SELL,100
2012,9,17,CVH,BUY,100
2012,9,24,CVH,SELL,100
2011,2,3,CVS,BUY,100
2011,2,10,CVS,SELL,100
2012,7,19,CVS,BUY,100
2012,7,26,CVS,SELL,100
2012,8,7,CVS,BUY,100
2012,8,14,CVS,SELL,100
2012,8,14,CVS,BUY,100
2012,8,21,CVS,SELL,100
2012,1,27,CVX,BUY,100
2012,2,3,CVX,SELL,100
2012,3,21,CVX,BUY,100
2012,3,28,CVX,SELL,100
2012,3,27,CVX,BUY,100
2012,4,3,CVX,SELL,100
2012,1,13,D,BUY,100
2012,1,23,D,SELL,100
2012,1,27,D,BUY,100
2012,2,3,D,SELL,100
2012,2,9,D,BUY,100
2012,2,16,D,SELL,100
2012,8,13,D,BUY,100
2012,8,20,D,SELL,100
2012,8,15,DE,BUY,100
2012,8,22,DE,SELL,100
2011,4,1,DELL,BUY,100
2011,4,8,DELL,SELL,100
2012,2,29,DELL,BUY,100
2012,3,7,DELL,SELL,100
2012,3,9,DELL,BUY,100
2012,3,16,DELL,SELL,100
2012,8,22,DELL,BUY,100
2012,8,29,DELL,SELL,100
2011,2,14,DF,BUY,100
2011,2,22,DF,SELL,100
2011,4,4,DF,BUY,100
2011,4,11,DF,SELL,100
2011,7,8,DF,BUY,100
2011,7,15,DF,SELL,100
2012,1,6,DF,BUY,100
2012,1,13,DF,SELL,100
2012,1,20,DF,BUY,100
2012,1,27,DF,SELL,100
2012,2,2,DF,BUY,100
2012,2,9,DF,SELL,100
2012,2,7,DF,BUY,100
2012,2,14,DF,SELL,100
2012,3,16,DF,BUY,100
2012,3,23,DF,SELL,100
2012,3,20,DF,BUY,100
2012,3,27,DF,SELL,100
2012,9,12,DF,BUY,100
2012,9,19,DF,SELL,100
2011,10,17,DFS,BUY,100
2011,10,24,DFS,SELL,100
2011,10,19,DFS,BUY,100
2011,10,26,DFS,SELL,100
2011,4,25,DGX,BUY,100
2011,5,2,DGX,SELL,100
2011,5,3,DGX,BUY,100
2011,5,10,DGX,SELL,100
2012,1,23,DGX,BUY,100
2012,1,30,DGX,SELL,100
2012,2,23,DGX,BUY,100
2012,3,1,DGX,SELL,100
2011,4,4,DHI,BUY,100
2011,4,11,DHI,SELL,100
2012,2,21,DHI,BUY,100
2012,2,28,DHI,SELL,100
2012,2,24,DHI,BUY,100
2012,3,2,DHI,SELL,100
2012,2,28,DHI,BUY,100
2012,3,6,DHI,SELL,100
2012,3,2,DHI,BUY,100
2012,3,9,DHI,SELL,100
2012,7,30,DHI,BUY,100
2012,8,6,DHI,SELL,100
2011,7,22,DHR,BUY,100
2011,7,29,DHR,SELL,100
2011,2,2,DLTR,BUY,100
2011,2,9,DLTR,SELL,100
2012,7,2,DLTR,BUY,100
2012,7,10,DLTR,SELL,100
2012,7,31,DLTR,BUY,100
2012,8,7,DLTR,SELL,100
2012,8,13,DLTR,BUY,100
2012,8,20,DLTR,SELL,100
2012,8,15,DLTR,BUY,100
2012,8,22,DLTR,SELL,100
2012,9,7,DLTR,BUY,100
2012,9,14,DLTR,SELL,100
2011,2,17,DNB,BUY,100
2011,2,25,DNB,SELL,100
2012,2,9,DNB,BUY,100
2012,2,16,DNB,SELL,100
2012,5,2,DNB,BUY,100
2012,5,9,DNB,SELL,100
2011,4,27,DNR,BUY,100
2011,5,4,DNR,SELL,100
2011,5,3,DNR,BUY,100
2011,5,10,DNR,SELL,100
2012,3,12,DNR,BUY,100
2012,3,19,DNR,SELL,100
2012,3,21,DNR,BUY,100
2012,3,28,DNR,SELL,100
2012,6,18,DNR,BUY,100
2012,6,25,DNR,SELL,100
2011,2,9,DO,BUY,100
2011,2,16,DO,SELL,100
2011,2,11,DO,BUY,100
2011,2,18,DO,SELL,100
2011,5,2,DO,BUY,100
2011,5,9,DO,SELL,100
2012,3,27,DO,BUY,100
2012,4,3,DO,SELL,100
2012,2,29,DOV,BUY,100
2012,3,7,DOV,SELL,100
2012,2,29,DOW,BUY,100
2012,3,7,DOW,SELL,100
2011,2,10,DPS,BUY,100
2011,2,17,DPS,SELL,100
2011,10,27,DPS,BUY,100
2011,11,3,DPS,SELL,100
2011,11,8,DPS,BUY,100
2011,11,15,DPS,SELL,100
2012,1,12,DPS,BUY,100
2012,1,20,DPS,SELL,100
2012,2,28,DPS,BUY,100
2012,3,6,DPS,SELL,100
2012,9,10,DPS,BUY,100
2012,9,17,DPS,SELL,100
2011,4,29,DRI,BUY,100
2011,5,6,DRI,SELL,100
2011,5,3,DRI,BUY,100
2011,5,10,DRI,SELL,100
2012,1,19,DTE,BUY,100
2012,1,26,DTE,SELL,100
2012,1,23,DTE,BUY,100
2012,1,30,DTE,SELL,100
2012,2,6,DTE,BUY,100
2012,2,13,DTE,SELL,100
2012,1,18,DTV,BUY,100
2012,1,25,DTV,SELL,100
2011,2,14,DUK,BUY,100
2011,2,22,DUK,SELL,100
2011,2,16,DUK,BUY,100
2011,2,24,DUK,SELL,100
2012,1,19,DUK,BUY,100
2012,1,26,DUK,SELL,100
2012,1,27,DUK,BUY,100
2012,2,3,DUK,SELL,100
2012,2,17,DUK,BUY,100
2012,2,27,DUK,SELL,100
2012,2,29,DUK,BUY,100
2012,3,7,DUK,SELL,100
2012,3,20,DUK,BUY,100
2012,3,27,DUK,SELL,100
2012,9,7,DUK,BUY,100
2012,9,14,DUK,SELL,100
2012,9,11,DUK,BUY,100
2012,9,18,DUK,SELL,100
2012,1,27,DV,BUY,100
2012,2,3,DV,SELL,100
2012,2,6,DV,BUY,100
2012,2,13,DV,SELL,100
2012,2,21,DV,BUY,100
2012,2,28,DV,SELL,100
2011,5,3,DVA,BUY,100
2011,5,10,DVA,SELL,100
2012,8,6,DVA,BUY,100
2012,8,13,DVA,SELL,100
2012,3,14,DVN,BUY,100
2012,3,21,DVN,SELL,100
2012,3,27,DVN,BUY,100
2012,4,3,DVN,SELL,100
2012,6,20,DVN,BUY,100
2012,6,27,DVN,SELL,100
2012,1,6,EA,BUY,100
2012,1,13,EA,SELL,100
2012,1,26,EA,BUY,100
2012,2,2,EA,SELL,100
2012,2,10,EA,BUY,100
2012,2,17,EA,SELL,100
2012,2,17,EA,BUY,100
2012,2,27,EA,SELL,100
2012,3,14,EA,BUY,100
2012,3,21,EA,SELL,100
2012,7,30,EA,BUY,100
2012,8,6,EA,SELL,100
2011,2,14,ECL,BUY,100
2011,2,22,ECL,SELL,100
2011,2,17,ECL,BUY,100
2011,2,25,ECL,SELL,100
2012,2,29,ECL,BUY,100
2012,3,7,ECL,SELL,100
2012,3,12,ECL,BUY,100
2012,3,19,ECL,SELL,100
2012,7,31,ECL,BUY,100
2012,8,7,ECL,SELL,100
2012,9,11,ECL,BUY,100
2012,9,18,ECL,SELL,100
2011,2,17,ED,BUY,100
2011,2,25,ED,SELL,100
2012,1,12,ED,BUY,100
2012,1,20,ED,SELL,100
2012,1,19,ED,BUY,100
2012,1,26,ED,SELL,100
2012,2,13,ED,BUY,100
2012,2,21,ED,SELL,100
2012,2,17,ED,BUY,100
2012,2,27,ED,SELL,100
2012,2,22,ED,BUY,100
2012,2,29,ED,SELL,100
2012,3,16,ED,BUY,100
2012,3,23,ED,SELL,100
2012,8,15,ED,BUY,100
2012,8,22,ED,SELL,100
2012,9,10,ED,BUY,100
2012,9,17,ED,SELL,100
2011,2,10,EFX,BUY,100
2011,2,17,EFX,SELL,100
2012,7,27,EFX,BUY,100
2012,8,3,EFX,SELL,100
2012,7,31,EFX,BUY,100
2012,8,7,EFX,SELL,100
2012,8,8,EFX,BUY,100
2012,8,15,EFX,SELL,100
2011,2,4,EIX,BUY,100
2011,2,11,EIX,SELL,100
2012,1,19,EIX,BUY,100
2012,1,26,EIX,SELL,100
2012,1,24,EIX,BUY,100
2012,1,31,EIX,SELL,100
2012,8,6,EIX,BUY,100
2012,8,13,EIX,SELL,100
2012,8,13,EIX,BUY,100
2012,8,20,EIX,SELL,100
2011,2,2,EL,BUY,100
2011,2,9,EL,SELL,100
2011,4,21,EL,BUY,100
2011,4,29,EL,SELL,100
2012,2,10,EL,BUY,100
2012,2,17,EL,SELL,100
2012,9,12,EL,BUY,100
2012,9,19,EL,SELL,100
2012,3,2,EMN,BUY,100
2012,3,9,EMN,SELL,100
2012,3,9,EMN,BUY,100
2012,3,16,EMN,SELL,100
2012,3,14,EMN,BUY,100
2012,3,21,EMN,SELL,100
2011,5,3,EMR,BUY,100
2011,5,10,EMR,SELL,100
2011,5,10,EMR,BUY,100
2011,5,17,EMR,SELL,100
2012,2,23,EMR,BUY,100
2012,3,1,EMR,SELL,100
2012,2,28,EMR,BUY,100
2012,3,6,EMR,SELL,100
2012,5,1,EMR,BUY,100
2012,5,8,EMR,SELL,100
2011,5,3,EOG,BUY,100
2011,5,10,EOG,SELL,100
2012,1,12,EQR,BUY,100
2012,1,20,EQR,SELL,100
2012,2,21,EQR,BUY,100
2012,2,28,EQR,SELL,100
2012,2,27,EQR,BUY,100
2012,3,5,EQR,SELL,100
2012,9,10,EQR,BUY,100
2012,9,17,EQR,SELL,100
2012,1,10,EQT,BUY,100
2012,1,18,EQT,SELL,100
2012,1,26,EQT,BUY,100
2012,2,2,EQT,SELL,100
2012,3,12,EQT,BUY,100
2012,3,19,EQT,SELL,100
2012,3,27,EQT,BUY,100
2012,4,3,EQT,SELL,100
2011,4,26,ESRX,BUY,100
2011,5,3,ESRX,SELL,100
2011,7,5,ESRX,BUY,100
2011,7,12,ESRX,SELL,100
2012,2,6,ESRX,BUY,100
2012,2,13,ESRX,SELL,100
2012,2,10,ESRX,BUY,100
2012,2,17,ESRX,SELL,100
2012,8,6,ESRX,BUY,100
2012,8,13,ESRX,SELL,100
2011,2,8,ESV,BUY,100
2011,2,15,ESV,SELL,100
2011,5,3,ESV,BUY,100
2011,5,10,ESV,SELL,100
2012,3,20,ESV,BUY,100
2012,3,27,ESV,SELL,100
2011,12,27,ETFC,BUY,100
2012,1,4,ETFC,SELL,100
2012,1,26,ETFC,BUY,100
2012,2,2,ETFC,SELL,100
2012,6,18,ETFC,BUY,100
2012,6,25,ETFC,SELL,100
2011,5,3,ETN,BUY,100
2011,5,10,ETN,SELL,100
2012,6,20,ETN,BUY,100
2012,6,27,ETN,SELL,100
2011,2,14,ETR,BUY,100
2011,2,22,ETR,SELL,100
2011,2,16,ETR,BUY,100
2011,2,24,ETR,SELL,100
2011,7,5,ETR,BUY,100
2011,7,12,ETR,SELL,100
2012,1,13,ETR,BUY,100
2012,1,23,ETR,SELL,100
2012,2,21,ETR,BUY,100
2012,2,28,ETR,SELL,100
2012,2,23,ETR,BUY,100
2012,3,1,ETR,SELL,100
2012,8,15,ETR,BUY,100
2012,8,22,ETR,SELL,100
2012,9,11,ETR,BUY,100
2012,9,18,ETR,SELL,100
2011,4,4,EW,BUY,100
2011,4,11,EW,SELL,100
2011,7,21,EW,BUY,100
2011,7,28,EW,SELL,100
2011,10,17,EW,BUY,100
2011,10,24,EW,SELL,100
2011,10,19,EW,BUY,100
2011,10,26,EW,SELL,100
2012,2,3,EW,BUY,100
2012,2,10,EW,SELL,100
2012,2,9,EW,BUY,100
2012,2,16,EW,SELL,100
2012,3,1,EW,BUY,100
2012,3,8,EW,SELL,100
2012,8,9,EW,BUY,100
2012,8,16,EW,SELL,100
2011,2,14,EXC,BUY,100
2011,2,22,EXC,SELL,100
2012,1,3,EXC,BUY,100
2012,1,10,EXC,SELL,100
2012,1,24,EXC,BUY,100
2012,1,31,EXC,SELL,100
2012,2,21,EXC,BUY,100
2012,2,28,EXC,SELL,100
2012,2,23,EXC,BUY,100
2012,3,1,EXC,SELL,100
2012,2,28,EXC,BUY,100
2012,3,6,EXC,SELL,100
2012,3,1,EXC,BUY,100
2012,3,8,EXC,SELL,100
2012,3,21,EXC,BUY,100
2012,3,28,EXC,SELL,100
2012,8,7,EXC,BUY,100
2012,8,14,EXC,SELL,100
2012,8,16,EXC,BUY,100
2012,8,23,EXC,SELL,100
2012,2,8,EXPD,BUY,100
2012,2,15,EXPD,SELL,100
2012,2,28,EXPD,BUY,100
2012,3,6,EXPD,SELL,100
2011,2,3,EXPE,BUY,100
2011,2,10,EXPE,SELL,100
2011,2,11,EXPE,BUY,100
2011,2,18,EXPE,SELL,100
2012,2,22,F,BUY,100
2012,2,29,F,SELL,100
2012,2,24,F,BUY,100
2012,3,2,F,SELL,100
2012,2,28,F,BUY,100
2012,3,6,F,SELL,100
2012,6,29,F,BUY,100
2012,7,9,F,SELL,100
2012,8,10,FAST,BUY,100
2012,8,17,FAST,SELL,100
2011,2,10,FCX,BUY,100
2011,2,17,FCX,SELL,100
2011,2,18,FCX,BUY,100
2011,2,28,FCX,SELL,100
2011,9,16,FCX,BUY,100
2011,9,23,FCX,SELL,100
2012,2,14,FCX,BUY,100
2012,2,22,FCX,SELL,100
2012,2,17,FCX,BUY,100
2012,2,27,FCX,SELL,100
2012,2,27,FCX,BUY,100
2012,3,5,FCX,SELL,100
2012,2,29,FCX,BUY,100
2012,3,7,FCX,SELL,100
2011,2,2,FDO,BUY,100
2011,2,9,FDO,SELL,100
2012,1,4,FDO,BUY,100
2012,1,11,FDO,SELL,100
2012,1,6,FDO,BUY,100
2012,1,13,FDO,SELL,100
2012,2,16,FDO,BUY,100
2012,2,24,FDO,SELL,100
2012,7,3,FDO,BUY,100
2012,7,11,FDO,SELL,100
2012,7,18,FDO,BUY,100
2012,7,25,FDO,SELL,100
2012,8,6,FDO,BUY,100
2012,8,13,FDO,SELL,100
2012,8,9,FDO,BUY,100
2012,8,16,FDO,SELL,100
2012,8,22,FDO,BUY,100
2012,8,29,FDO,SELL,100
2011,2,2,FDX,BUY,100
2011,2,9,FDX,SELL,100
2011,2,7,FDX,BUY,100
2011,2,14,FDX,SELL,100
2012,2,21,FDX,BUY,100
2012,2,28,FDX,SELL,100
2012,2,24,FDX,BUY,100
2012,3,2,FDX,SELL,100
2012,3,2,FDX,BUY,100
2012,3,9,FDX,SELL,100
2012,8,10,FDX,BUY,100
2012,8,17,FDX,SELL,100
2011,2,16,FE,BUY,100
2011,2,24,FE,SELL,100
2011,10,13,FE,BUY,100
2011,10,20,FE,SELL,100
2012,1,3,FE,BUY,100
2012,1,10,FE,SELL,100
2012,1,19,FE,BUY,100
2012,1,26,FE,SELL,100
2012,1,24,FE,BUY,100
2012,1,31,FE,SELL,100
2012,8,7,FE,BUY,100
2012,8,14,FE,SELL,100
2011,4,1,FFIV,BUY,100
2011,4,8,FFIV,SELL,100
2011,7,21,FFIV,BUY,100
2011,7,28,FFIV,SELL,100
2012,9,10,FFIV,BUY,100
2012,9,17,FFIV,SELL,100
2011,7,5,FHN,BUY,100
2011,7,12,FHN,SELL,100
2011,7,8,FHN,BUY,100
2011,7,15,FHN,SELL,100
2011,4,25,FII,BUY,100
2011,5,2,FII,SELL,100
2011,4,29,FII,BUY,100
2011,5,6,FII,SELL,100
2011,6,30,FII,BUY,100
2011,7,8,FII,SELL,100
2011,4,28,FIS,BUY,100
2011,5,5,FIS,SELL,100
2012,7,18,FIS,BUY,100
2012,7,25,FIS,SELL,100
2012,8,6,FIS,BUY,100
2012,8,13,FIS,SELL,100
2012,8,15,FIS,BUY,100
2012,8,22,FIS,SELL,100
2011,2,4,FISV,BUY,100
2011,2,11,FISV,SELL,100
2011,2,9,FISV,BUY,100
2011,2,16,FISV,SELL,100
2011,4,28,FISV,BUY,100
2011,5,5,FISV,SELL,100
2011,5,2,FITB,BUY,100
2011,5,9,FITB,SELL,100
2012,2,8,FLIR,BUY,100
2012,2,15,FLIR,SELL,100
2012,2,10,FLIR,BUY,100
2012,2,17,FLIR,SELL,100
2012,3,20,FLIR,BUY,100
2012,3,27,FLIR,SELL,100
2012,8,22,FLIR,BUY,100
2012,8,29,FLIR,SELL,100
2011,4,28,FLS,BUY,100
2011,5,5,FLS,SELL,100
2011,5,3,FLS,BUY,100
2011,5,10,FLS,SELL,100
2012,3,21,FLS,BUY,100
2012,3,28,FLS,SELL,100
2011,5,3,FMC,BUY,100
2011,5,10,FMC,SELL,100
2011,5,2,FOSL,BUY,100
2011,5,9,FOSL,SELL,100
2012,1,6,FOSL,BUY,100
2012,1,13,FOSL,SELL,100
2012,7,5,FOSL,BUY,100
2012,7,12,FOSL,SELL,100
2012,2,13,FRX,BUY,100
2012,2,21,FRX,SELL,100
2011,5,3,FSLR,BUY,100
2011,5,10,FSLR,SELL,100
2011,9,16,FSLR,BUY,100
2011,9,23,FSLR,SELL,100
2011,10,25,FSLR,BUY,100
2011,11,1,FSLR,SELL,100
2011,12,27,FSLR,BUY,100
2012,1,4,FSLR,SELL,100
2012,2,14,FSLR,BUY,100
2012,2,22,FSLR,SELL,100
2012,2,23,FSLR,BUY,100
2012,3,1,FSLR,SELL,100
2011,5,3,FTI,BUY,100
2011,5,10,FTI,SELL,100
2012,2,28,FTI,BUY,100
2012,3,6,FTI,SELL,100
2012,3,2,FTI,BUY,100
2012,3,9,FTI,SELL,100
2012,3,21,FTI,BUY,100
2012,3,28,FTI,SELL,100
2011,11,3,FTR,BUY,100
2011,11,10,FTR,SELL,100
2012,1,19,FTR,BUY,100
2012,1,26,FTR,SELL,100
2012,2,6,FTR,BUY,100
2012,2,13,FTR,SELL,100
2012,3,15,FTR,BUY,100
2012,3,22,FTR,SELL,100
2012,3,19,FTR,BUY,100
2012,3,26,FTR,SELL,100
2012,7,19,FTR,BUY,100
2012,7,26,FTR,SELL,100
2012,2,13,GAS,BUY,100
2012,2,21,GAS,SELL,100
2012,2,24,GAS,BUY,100
2012,3,2,GAS,SELL,100
2012,3,16,GAS,BUY,100
2012,3,23,GAS,SELL,100
2012,8,22,GAS,BUY,100
2012,8,29,GAS,SELL,100
2011,4,7,GCI,BUY,100
2011,4,14,GCI,SELL,100
2011,5,10,GCI,BUY,100
2011,5,17,GCI,SELL,100
2012,3,2,GCI,BUY,100
2012,3,9,GCI,SELL,100
2012,7,30,GCI,BUY,100
2012,8,6,GCI,SELL,100
2011,4,4,GD,BUY,100
2011,4,11,GD,SELL,100
2011,4,25,GE,BUY,100
2011,5,2,GE,SELL,100
2012,2,17,GILD,BUY,100
2012,2,27,GILD,SELL,100
2011,6,30,GIS,BUY,100
2011,7,8,GIS,SELL,100
2011,7,5,GIS,BUY,100
2011,7,12,GIS,SELL,100
2011,7,8,GIS,BUY,100
2011,7,15,GIS,SELL,100
2012,1,27,GIS,BUY,100
2012,2,3,GIS,SELL,100
2012,2,17,GIS,BUY,100
2012,2,27,GIS,SELL,100
2011,4,5,GLW,BUY,100
2011,4,12,GLW,SELL,100
2012,1,25,GLW,BUY,100
2012,2,1,GLW,SELL,100
2012,2,29,GLW,BUY,100
2012,3,7,GLW,SELL,100
2011,2,2,GME,BUY,100
2011,2,9,GME,SELL,100
2011,2,8,GME,BUY,100
2011,2,15,GME,SELL,100
2011,2,14,GME,BUY,100
2011,2,22,GME,SELL,100
2011,6,29,GME,BUY,100
2011,7,7,GME,SELL,100
2012,1,17,GME,BUY,100
2012,1,24,GME,SELL,100
2012,2,6,GME,BUY,100
2012,2,13,GME,SELL,100
2012,2,10,GME,BUY,100
2012,2,17,GME,SELL,100
2012,2,24,GME,BUY,100
2012,3,2,GME,SELL,100
2012,6,20,GME,BUY,100
2012,6,27,GME,SELL,100
2012,7,30,GME,BUY,100
2012,8,6,GME,SELL,100
2011,2,2,GNW,BUY,100
2011,2,9,GNW,SELL,100
2012,1,20,GOOG,BUY,100
2012,1,27,GOOG,SELL,100
2012,3,9,GOOG,BUY,100
2012,3,16,GOOG,SELL,100
2011,4,21,GPC,BUY,100
2011,4,29,GPC,SELL,100
2012,2,21,GPC,BUY,100
2012,2,28,GPC,SELL,100
2012,1,6,GPS,BUY,100
2012,1,13,GPS,SELL,100
2012,1,11,GPS,BUY,100
2012,1,19,GPS,SELL,100
2012,1,13,GT,BUY,100
2012,1,23,GT,SELL,100
2012,1,23,GT,BUY,100
2012,1,30,GT,SELL,100
2012,2,14,GT,BUY,100
2012,2,22,GT,SELL,100
2012,2,22,GT,BUY,100
2012,2,29,GT,SELL,100
2012,2,24,GT,BUY,100
2012,3,2,GT,SELL,100
2012,3,16,GT,BUY,100
2012,3,23,GT,SELL,100
2012,3,27,GT,BUY,100
2012,4,3,GT,SELL,100
2011,2,2,GWW,BUY,100
2011,2,9,GWW,SELL,100
2011,12,7,HAL,BUY,100
2011,12,14,HAL,SELL,100
2012,2,14,HAL,BUY,100
2012,2,22,HAL,SELL,100
2012,3,12,HAL,BUY,100
2012,3,19,HAL,SELL,100
2012,3,14,HAL,BUY,100
2012,3,21,HAL,SELL,100
2011,2,2,HAR,BUY,100
2011,2,9,HAR,SELL,100
2011,2,1,HAS,BUY,100
2011,2,8,HAS,SELL,100
2012,2,22,HAS,BUY,100
2012,2,29,HAS,SELL,100
2012,2,24,HAS,BUY,100
2012,3,2,HAS,SELL,100
2011,7,21,HBAN,BUY,100
2011,7,28,HBAN,SELL,100
2012,7,31,HBAN,BUY,100
2012,8,7,HBAN,SELL,100
2011,4,5,HCBK,BUY,100
2011,4,12,HCBK,SELL,100
2012,2,22,HCBK,BUY,100
2012,2,29,HCBK,SELL,100
2012,2,29,HCBK,BUY,100
2012,3,7,HCBK,SELL,100
2012,7,19,HCBK,BUY,100
2012,7,26,HCBK,SELL,100
2012,2,17,HCN,BUY,100
2012,2,27,HCN,SELL,100
2012,8,7,HCN,BUY,100
2012,8,14,HCN,SELL,100
2012,8,13,HCN,BUY,100
2012,8,20,HCN,SELL,100
2012,8,22,HCN,BUY,100
2012,8,29,HCN,SELL,100
2012,9,10,HCN,BUY,100
2012,9,17,HCN,SELL,100
2012,8,17,HCP,BUY,100
2012,8,24,HCP,SELL,100
2011,4,26,HD,BUY,100
2011,5,3,HD,SELL,100
2011,4,29,HD,BUY,100
2011,5,6,HD,SELL,100
2012,1,26,HES,BUY,100
2012,2,2,HES,SELL,100
2012,3,9,HES,BUY,100
2012,3,16,HES,SELL,100
2012,3,20,HES,BUY,100
2012,3,27,HES,SELL,100
2012,1,20,HNZ,BUY,100
2012,1,27,HNZ,SELL,100
2011,5,3,HOG,BUY,100
2011,5,10,HOG,SELL,100
2012,8,6,HOG,BUY,100
2012,8,13,HOG,SELL,100
2012,8,8,HOG,BUY,100
2012,8,15,HOG,SELL,100
2011,7,22,HON,BUY,100
2011,7,29,HON,SELL,100
2012,2,22,HOT,BUY,100
2012,2,29,HOT,SELL,100
2012,2,29,HOT,BUY,100
2012,3,7,HOT,SELL,100
2011,4,28,HP,BUY,100
2011,5,5,HP,SELL,100
2011,5,2,HP,BUY,100
2011,5,9,HP,SELL,100
2012,2,10,HP,BUY,100
2012,2,17,HP,SELL,100
2012,3,14,HP,BUY,100
2012,3,21,HP,SELL,100
2012,3,20,HP,BUY,100
2012,3,27,HP,SELL,100
2012,5,2,HP,BUY,100
2012,5,9,HP,SELL,100
2011,3,31,HPQ,BUY,100
2011,4,7,HPQ,SELL,100
2011,4,4,HPQ,BUY,100
2011,4,11,HPQ,SELL,100
2011,5,2,HPQ,BUY,100
2011,5,9,HPQ,SELL,100
2011,12,27,HPQ,BUY,100
2012,1,4,HPQ,SELL,100
2012,2,23,HPQ,BUY,100
2012,3,1,HPQ,SELL,100
2012,3,21,HPQ,BUY,100
2012,3,28,HPQ,SELL,100
2012,3,27,HPQ,BUY,100
2012,4,3,HPQ,SELL,100
2012,6,18,HPQ,BUY,100
2012,6,25,HPQ,SELL,100
2012,7,30,HPQ,BUY,100
2012,8,6,HPQ,SELL,100
2011,4,29,HRB,BUY,100
2011,5,6,HRB,SELL,100
2011,5,3,HRB,BUY,100
2011,5,10,HRB,SELL,100
2012,2,14,HRB,BUY,100
2012,2,22,HRB,SELL,100
2011,2,2,HRL,BUY,100
2011,2,9,HRL,SELL,100
2012,2,13,HRL,BUY,100
2012,2,21,HRL,SELL,100
2012,2,23,HRL,BUY,100
2012,3,1,HRL,SELL,100
2012,7,31,HRL,BUY,100
2012,8,7,HRL,SELL,100
2012,8,6,HRL,BUY,100
2012,8,13,HRL,SELL,100
2011,2,2,HRS,BUY,100
2011,2,9,HRS,SELL,100
2012,5,2,HRS,BUY,100
2012,5,9,HRS,SELL,100
2011,2,2,HSP,BUY,100
2011,2,9,HSP,SELL,100
2011,7,8,HSP,BUY,100
2011,7,15,HSP,SELL,100
2011,10,18,HSP,BUY,100
2011,10,25,HSP,SELL,100
2012,8,13,HSP,BUY,100
2012,8,20,HSP,SELL,100
2012,8,16,HSP,BUY,100
2012,8,23,HSP,SELL,100
2012,8,22,HSP,BUY,100
2012,8,29,HSP,SELL,100
2011,4,4,HST,BUY,100
2011,4,11,HST,SELL,100
2012,2,21,HST,BUY,100
2012,2,28,HST,SELL,100
2012,2,24,HST,BUY,100
2012,3,2,HST,SELL,100
2011,10,27,HSY,BUY,100
2011,11,3,HSY,SELL,100
2012,2,6,HSY,BUY,100
2012,2,13,HSY,SELL,100
2012,2,28,HSY,BUY,100
2012,3,6,HSY,SELL,100
2012,9,11,HSY,BUY,100
2012,9,18,HSY,SELL,100
2012,1,26,HUM,BUY,100
2012,2,2,HUM,SELL,100
2012,2,6,HUM,BUY,100
2012,2,13,HUM,SELL,100
2012,3,12,HUM,BUY,100
2012,3,19,HUM,SELL,100
2012,3,20,HUM,BUY,100
2012,3,27,HUM,SELL,100
2012,6,29,HUM,BUY,100
2012,7,9,HUM,SELL,100
2012,1,6,IBM,BUY,100
2012,1,13,IBM,SELL,100
2012,1,12,IBM,BUY,100
2012,1,20,IBM,SELL,100
2012,1,19,IBM,BUY,100
2012,1,26,IBM,SELL,100
2011,3,31,ICE,BUY,100
2011,4,7,ICE,SELL,100
2011,5,2,ICE,BUY,100
2011,5,9,ICE,SELL,100
2012,1,4,ICE,BUY,100
2012,1,11,ICE,SELL,100
2012,1,17,ICE,BUY,100
2012,1,24,ICE,SELL,100
2012,3,27,ICE,BUY,100
2012,4,3,ICE,SELL,100
2012,5,2,ICE,BUY,100
2012,5,9,ICE,SELL,100
2012,7,31,ICE,BUY,100
2012,8,7,ICE,SELL,100
2011,2,10,IFF,BUY,100
2011,2,17,IFF,SELL,100
2011,2,14,IFF,BUY,100
2011,2,22,IFF,SELL,100
2011,11,8,IFF,BUY,100
2011,11,15,IFF,SELL,100
2012,7,2,IFF,BUY,100
2012,7,10,IFF,SELL,100
2012,9,12,IFF,BUY,100
2012,9,19,IFF,SELL,100
2011,2,14,IGT,BUY,100
2011,2,22,IGT,SELL,100
2012,1,23,IGT,BUY,100
2012,1,30,IGT,SELL,100
2012,2,3,IGT,BUY,100
2012,2,10,IGT,SELL,100
2012,2,10,IGT,BUY,100
2012,2,17,IGT,SELL,100
2011,4,1,INTC,BUY,100
2011,4,8,INTC,SELL,100
2012,9,7,INTC,BUY,100
2012,9,14,INTC,SELL,100
2012,2,7,IP,BUY,100
2012,2,14,IP,SELL,100
2011,4,28,IPG,BUY,100
2011,5,5,IPG,SELL,100
2011,7,21,IR,BUY,100
2011,7,28,IR,SELL,100
2011,10,20,IR,BUY,100
2011,10,27,IR,SELL,100
2011,4,27,IRM,BUY,100
2011,5,4,IRM,SELL,100
2012,1,27,IRM,BUY,100
2012,2,3,IRM,SELL,100
2012,2,10,IRM,BUY,100
2012,2,17,IRM,SELL,100
2012,2,14,IRM,BUY,100
2012,2,22,IRM,SELL,100
2012,2,23,IRM,BUY,100
2012,3,1,IRM,SELL,100
2012,3,2,IRM,BUY,100
2012,3,9,IRM,SELL,100
2011,4,29,ISRG,BUY,100
2011,5,6,ISRG,SELL,100
2011,5,3,ISRG,BUY,100
2011,5,10,ISRG,SELL,100
2012,1,20,ISRG,BUY,100
2012,1,27,ISRG,SELL,100
2012,7,30,ISRG,BUY,100
2012,8,6,ISRG,SELL,100
2012,9,11,ISRG,BUY,100
2012,9,18,ISRG,SELL,100
2011,3,30,ITW,BUY,100
2011,4,6,ITW,SELL,100
2012,3,2,ITW,BUY,100
2012,3,9,ITW,SELL,100
2012,6,14,ITW,BUY,100
2012,6,21,ITW,SELL,100
2012,7,2,ITW,BUY,100
2012,7,10,ITW,SELL,100
2011,4,25,IVZ,BUY,100
2011,5,2,IVZ,SELL,100
2012,6,14,JBL,BUY,100
2012,6,21,JBL,SELL,100
2012,3,12,JCI,BUY,100
2012,3,19,JCI,SELL,100
2012,7,19,JCI,BUY,100
2012,7,26,JCI,SELL,100
2012,7,30,JCI,BUY,100
2012,8,6,JCI,SELL,100
2012,1,17,JCP,BUY,100
2012,1,24,JCP,SELL,100
2012,2,27,JCP,BUY,100
2012,3,5,JCP,SELL,100
2012,2,29,JCP,BUY,100
2012,3,7,JCP,SELL,100
2012,6,19,JCP,BUY,100
2012,6,26,JCP,SELL,100
2012,7,3,JCP,BUY,100
2012,7,11,JCP,SELL,100
2011,5,3,JEC,BUY,100
2011,5,10,JEC,SELL,100
2012,2,22,JEC,BUY,100
2012,2,29,JEC,SELL,100
2012,5,1,JEC,BUY,100
2012,5,8,JEC,SELL,100
2012,1,23,JNJ,BUY,100
2012,1,30,JNJ,SELL,100
2012,2,9,JNJ,BUY,100
2012,2,16,JNJ,SELL,100
2012,8,17,JNJ,BUY,100
2012,8,24,JNJ,SELL,100
2011,4,4,JNPR,BUY,100
2011,4,11,JNPR,SELL,100
2011,5,2,JNPR,BUY,100
2011,5,9,JNPR,SELL,100
2011,9,16,JNPR,BUY,100
2011,9,23,JNPR,SELL,100
2012,3,1,JNPR,BUY,100
2012,3,8,JNPR,SELL,100
2012,2,10,JOY,BUY,100
2012,2,17,JOY,SELL,100
2012,2,14,JOY,BUY,100
2012,2,22,JOY,SELL,100
2012,3,14,JOY,BUY,100
2012,3,21,JOY,SELL,100
2012,3,20,JOY,BUY,100
2012,3,27,JOY,SELL,100
2012,1,25,JWN,BUY,100
2012,2,1,JWN,SELL,100
2011,11,3,K,BUY,100
2011,11,10,K,SELL,100
2012,1,26,K,BUY,100
2012,2,2,K,SELL,100
2012,2,10,K,BUY,100
2012,2,17,K,SELL,100
2012,9,10,K,BUY,100
2012,9,17,K,SELL,100
2012,9,12,K,BUY,100
2012,9,19,K,SELL,100
2011,2,11,KFT,BUY,100
2011,2,18,KFT,SELL,100
2012,2,22,KFT,BUY,100
2012,2,29,KFT,SELL,100
2012,9,7,KFT,BUY,100
2012,9,14,KFT,SELL,100
2012,2,29,KIM,BUY,100
2012,3,7,KIM,SELL,100
2011,4,7,KLAC,BUY,100
2011,4,14,KLAC,SELL,100
2012,2,10,KLAC,BUY,100
2012,2,17,KLAC,SELL,100
2012,2,21,KLAC,BUY,100
2012,2,28,KLAC,SELL,100
2012,3,1,KLAC,BUY,100
2012,3,8,KLAC,SELL,100
2012,5,2,KLAC,BUY,100
2012,5,9,KLAC,SELL,100
2012,9,12,KLAC,BUY,100
2012,9,19,KLAC,SELL,100
2011,4,25,KMB,BUY,100
2011,5,2,KMB,SELL,100
2011,10,24,KMB,BUY,100
2011,10,31,KMB,SELL,100
2012,1,24,KMB,BUY,100
2012,1,31,KMB,SELL,100
2012,2,22,KMB,BUY,100
2012,2,29,KMB,SELL,100
2012,8,6,KMB,BUY,100
2012,8,13,KMB,SELL,100
2012,9,10,KMB,BUY,100
2012,9,17,KMB,SELL,100
2011,4,27,KMI,BUY,100
2011,5,4,KMI,SELL,100
2011,4,29,KMI,BUY,100
2011,5,6,KMI,SELL,100
2011,5,3,KMI,BUY,100
2011,5,10,KMI,SELL,100
2012,2,2,KMI,BUY,100
2012,2,9,KMI,SELL,100
2012,2,7,KMI,BUY,100
2012,2,14,KMI,SELL,100
2012,8,10,KMI,BUY,100
2012,8,17,KMI,SELL,100
2012,8,15,KMI,BUY,100
2012,8,22,KMI,SELL,100
2011,3,31,KMX,BUY,100
2011,4,7,KMX,SELL,100
2011,4,4,KMX,BUY,100
2011,4,11,KMX,SELL,100
2012,2,10,KMX,BUY,100
2012,2,17,KMX,SELL,100
2011,2,3,KO,BUY,100
2011,2,10,KO,SELL,100
2012,1,12,KO,BUY,100
2012,1,20,KO,SELL,100
2012,1,27,KO,BUY,100
2012,2,3,KO,SELL,100
2012,8,22,KO,BUY,100
2012,8,29,KO,SELL,100
2012,1,19,KR,BUY,100
2012,1,26,KR,SELL,100
2012,2,3,KR,BUY,100
2012,2,10,KR,SELL,100
2012,2,7,KR,BUY,100
2012,2,14,KR,SELL,100
2012,2,23,KR,BUY,100
2012,3,1,KR,SELL,100
2011,2,2,KSS,BUY,100
2011,2,9,KSS,SELL,100
2012,1,3,KSS,BUY,100
2012,1,10,KSS,SELL,100
2012,3,2,KSS,BUY,100
2012,3,9,KSS,SELL,100
2012,1,27,L,BUY,100
2012,2,3,L,SELL,100
2012,7,30,L,BUY,100
2012,8,6,L,SELL,100
2011,2,4,LEG,BUY,100
2011,2,11,LEG,SELL,100
2012,2,7,LEG,BUY,100
2012,2,14,LEG,SELL,100
2012,7,30,LEN,BUY,100
2012,8,6,LEN,SELL,100
2011,2,1,LH,BUY,100
2011,2,8,LH,SELL,100
2011,2,10,LH,BUY,100
2011,2,17,LH,SELL,100
2011,6,29,LH,BUY,100
2011,7,7,LH,SELL,100
2011,7,21,LH,BUY,100
2011,7,28,LH,SELL,100
2012,2,13,LH,BUY,100
2012,2,21,LH,SELL,100
2012,7,19,LH,BUY,100
2012,7,26,LH,SELL,100
2011,2,4,LIFE,BUY,100
2011,2,11,LIFE,SELL,100
2012,2,17,LIFE,BUY,100
2012,2,27,LIFE,SELL,100
2012,2,29,LIFE,BUY,100
2012,3,7,LIFE,SELL,100
2012,3,12,LIFE,BUY,100
2012,3,19,LIFE,SELL,100
2012,3,14,LIFE,BUY,100
2012,3,21,LIFE,SELL,100
2012,3,1,LLL,BUY,100
2012,3,8,LLL,SELL,100
2012,7,18,LLL,BUY,100
2012,7,25,LLL,SELL,100
2012,8,6,LLL,BUY,100
2012,8,13,LLL,SELL,100
2012,3,1,LLTC,BUY,100
2012,3,8,LLTC,SELL,100
2012,1,9,LLY,BUY,100
2012,1,17,LLY,SELL,100
2012,1,11,LLY,BUY,100
2012,1,19,LLY,SELL,100
2012,1,13,LLY,BUY,100
2012,1,23,LLY,SELL,100
2012,1,20,LLY,BUY,100
2012,1,27,LLY,SELL,100
2012,1,26,LLY,BUY,100
2012,2,2,LLY,SELL,100
2012,2,10,LLY,BUY,100
2012,2,17,LLY,SELL,100
2012,8,7,LLY,BUY,100
2012,8,14,LLY,SELL,100
2011,5,3,LM,BUY,100
2011,5,10,LM,SELL,100
2011,10,17,LM,BUY,100
2011,10,24,LM,SELL,100
2012,5,1,LM,BUY,100
2012,5,8,LM,SELL,100
2011,11,8,LO,BUY,100
2011,11,15,LO,SELL,100
2012,1,19,LO,BUY,100
2012,1,26,LO,SELL,100
2012,1,27,LO,BUY,100
2012,2,3,LO,SELL,100
2012,9,7,LO,BUY,100
2012,9,14,LO,SELL,100
2011,4,25,LOW,BUY,100
2011,5,2,LOW,SELL,100
2011,4,29,LOW,BUY,100
2011,5,6,LOW,SELL,100
2011,7,22,LOW,BUY,100
2011,7,29,LOW,SELL,100
2012,7,31,LOW,BUY,100
2012,8,7,LOW,SELL,100
2011,4,21,LRCX,BUY,100
2011,4,29,LRCX,SELL,100
2012,2,14,LRCX,BUY,100
2012,2,22,LRCX,SELL,100
2012,2,17,LRCX,BUY,100
2012,2,27,LRCX,SELL,100
2012,6,14,LRCX,BUY,100
2012,6,21,LRCX,SELL,100
2012,6,14,LSI,BUY,100
2012,6,21,LSI,SELL,100
2012,2,29,LUK,BUY,100
2012,3,7,LUK,SELL,100
2011,4,6,LUV,BUY,100
2011,4,13,LUV,SELL,100
2012,2,21,LUV,BUY,100
2012,2,28,LUV,SELL,100
2012,3,16,LUV,BUY,100
2012,3,23,LUV,SELL,100
2012,3,21,LUV,BUY,100
2012,3,28,LUV,SELL,100
2011,4,26,LXK,BUY,100
2011,5,3,LXK,SELL,100
2012,3,2,LXK,BUY,100
2012,3,9,LXK,SELL,100
2012,3,9,LXK,BUY,100
2012,3,16,LXK,SELL,100
2012,3,14,LXK,BUY,100
2012,3,21,LXK,SELL,100
2012,2,29,LYB,BUY,100
2012,3,7,LYB,SELL,100
2012,3,12,LYB,BUY,100
2012,3,19,LYB,SELL,100
2011,2,1,M,BUY,100
2011,2,8,M,SELL,100
2011,4,29,M,BUY,100
2011,5,6,M,SELL,100
2012,7,2,M,BUY,100
2012,7,10,M,SELL,100
2012,1,4,MA,BUY,100
2012,1,11,MA,SELL,100
2012,1,20,MA,BUY,100
2012,1,27,MA,SELL,100
2012,8,7,MA,BUY,100
2012,8,14,MA,SELL,100
2012,2,21,MAR,BUY,100
2012,2,28,MAR,SELL,100
2011,2,15,MAS,BUY,100
2011,2,23,MAS,SELL,100
2011,4,26,MAS,BUY,100
2011,5,3,MAS,SELL,100
2011,7,22,MAS,BUY,100
2011,7,29,MAS,SELL,100
2012,2,14,MAS,BUY,100
2012,2,22,MAS,SELL,100
2012,2,21,MAS,BUY,100
2012,2,28,MAS,SELL,100
2012,2,24,MAS,BUY,100
2012,3,2,MAS,SELL,100
2012,3,2,MAS,BUY,100
2012,3,9,MAS,SELL,100
2011,2,1,MCD,BUY,100
2011,2,8,MCD,SELL,100
2012,1,24,MCD,BUY,100
2012,1,31,MCD,SELL,100
2012,2,1,MCD,BUY,100
2012,2,8,MCD,SELL,100
2012,3,21,MCD,BUY,100
2012,3,28,MCD,SELL,100
2012,8,8,MCD,BUY,100
2012,8,15,MCD,SELL,100
2012,8,16,MCD,BUY,100
2012,8,23,MCD,SELL,100
2012,2,13,MCHP,BUY,100
2012,2,21,MCHP,SELL,100
2012,2,22,MCHP,BUY,100
2012,2,29,MCHP,SELL,100
2012,2,29,MCHP,BUY,100
2012,3,7,MCHP,SELL,100
2012,5,2,MCHP,BUY,100
2012,5,9,MCHP,SELL,100
2012,9,10,MCHP,BUY,100
2012,9,17,MCHP,SELL,100
2012,1,13,MCK,BUY,100
2012,1,23,MCK,SELL,100
2012,8,17,MCK,BUY,100
2012,8,24,MCK,SELL,100
2012,8,22,MCO,BUY,100
2012,8,29,MCO,SELL,100
2011,6,29,MDT,BUY,100
2011,7,7,MDT,SELL,100
2011,7,5,MDT,BUY,100
2011,7,12,MDT,SELL,100
2012,2,21,MDT,BUY,100
2012,2,28,MDT,SELL,100
2012,2,29,MDT,BUY,100
2012,3,7,MDT,SELL,100
2012,3,9,MDT,BUY,100
2012,3,16,MDT,SELL,100
2012,3,12,MET,BUY,100
2012,3,19,MET,SELL,100
2012,3,14,MET,BUY,100
2012,3,21,MET,SELL,100
2011,2,1,MHP,BUY,100
2011,2,8,MHP,SELL,100
2012,2,9,MHP,BUY,100
2012,2,16,MHP,SELL,100
2012,2,14,MHP,BUY,100
2012,2,22,MHP,SELL,100
2012,6,29,MJN,BUY,100
2012,7,9,MJN,SELL,100
2012,7,5,MJN,BUY,100
2012,7,12,MJN,SELL,100
2011,3,30,MKC,BUY,100
2011,4,6,MKC,SELL,100
2011,4,5,MKC,BUY,100
2011,4,12,MKC,SELL,100
2012,1,27,MKC,BUY,100
2012,2,3,MKC,SELL,100
2012,2,7,MKC,BUY,100
2012,2,14,MKC,SELL,100
2012,2,21,MKC,BUY,100
2012,2,28,MKC,SELL,100
2012,2,27,MMC,BUY,100
2012,3,5,MMC,SELL,100
2012,6,18,MMC,BUY,100
2012,6,25,MMC,SELL,100
2012,9,10,MMM,BUY,100
2012,9,17,MMM,SELL,100
2011,10,26,MNST,BUY,100
2011,11,2,MNST,SELL,100
2012,1,11,MNST,BUY,100
2012,1,19,MNST,SELL,100
2012,7,19,MNST,BUY,100
2012,7,26,MNST,SELL,100
2012,7,31,MNST,BUY,100
2012,8,7,MNST,SELL,100
2012,8,9,MNST,BUY,100
2012,8,16,MNST,SELL,100
2012,9,11,MNST,BUY,100
2012,9,18,MNST,SELL,100
2011,7,22,MO,BUY,100
2011,7,29,MO,SELL,100
2012,1,19,MO,BUY,100
2012,1,26,MO,SELL,100
2012,1,24,MO,BUY,100
2012,1,31,MO,SELL,100
2012,1,27,MO,BUY,100
2012,2,3,MO,SELL,100
2012,8,7,MO,BUY,100
2012,8,14,MO,SELL,100
2012,9,12,MO,BUY,100
2012,9,19,MO,SELL,100
2012,3,2,MOLX,BUY,100
2012,3,9,MOLX,SELL,100
2011,2,18,MON,BUY,100
2011,2,28,MON,SELL,100
2011,4,25,MON,BUY,100
2011,5,2,MON,SELL,100
2012,2,8,MON,BUY,100
2012,2,15,MON,SELL,100
2012,2,23,MON,BUY,100
2012,3,1,MON,SELL,100
2012,2,29,MON,BUY,100
2012,3,7,MON,SELL,100
2011,4,28,MOS,BUY,100
2011,5,5,MOS,SELL,100
2011,5,2,MOS,BUY,100
2011,5,9,MOS,SELL,100
2012,2,10,MOS,BUY,100
2012,2,17,MOS,SELL,100
2012,3,12,MOS,BUY,100
2012,3,19,MOS,SELL,100
2012,3,14,MOS,BUY,100
2012,3,21,MOS,SELL,100
2012,1,5,MPC,BUY,100
2012,1,12,MPC,SELL,100
2012,2,28,MPC,BUY,100
2012,3,6,MPC,SELL,100
2012,3,2,MPC,BUY,100
2012,3,9,MPC,SELL,100
2011,2,3,MRK,BUY,100
2011,2,10,MRK,SELL,100
2011,2,14,MRK,BUY,100
2011,2,22,MRK,SELL,100
2012,2,3,MRK,BUY,100
2012,2,10,MRK,SELL,100
2012,2,9,MRK,BUY,100
2012,2,16,MRK,SELL,100
2012,3,1,MRK,BUY,100
2012,3,8,MRK,SELL,100
2012,8,17,MRK,BUY,100
2012,8,24,MRK,SELL,100
2012,5,2,MRO,BUY,100
2012,5,9,MRO,SELL,100
2011,4,4,MS,BUY,100
2011,4,11,MS,SELL,100
2011,5,3,MS,BUY,100
2011,5,10,MS,SELL,100
2012,2,24,MS,BUY,100
2012,3,2,MS,SELL,100
2012,2,28,MS,BUY,100
2012,3,6,MS,SELL,100
2012,5,2,MS,BUY,100
2012,5,9,MS,SELL,100
2012,7,19,MS,BUY,100
2012,7,26,MS,SELL,100
2011,2,2,MSFT,BUY,100
2011,2,9,MSFT,SELL,100
2011,2,10,MSFT,BUY,100
2011,2,17,MSFT,SELL,100
2011,2,18,MSFT,BUY,100
2011,2,28,MSFT,SELL,100
2011,4,26,MSI,BUY,100
2011,5,3,MSI,SELL,100
2011,7,6,MSI,BUY,100
2011,7,13,MSI,SELL,100
2011,7,8,MSI,BUY,100
2011,7,15,MSI,SELL,100
2012,1,25,MSI,BUY,100
2012,2,1,MSI,SELL,100
2012,2,10,MTB,BUY,100
2012,2,17,MTB,SELL,100
2012,3,20,MUR,BUY,100
2012,3,27,MUR,SELL,100
2012,3,27,MUR,BUY,100
2012,4,3,MUR,SELL,100
2012,5,1,MWV,BUY,100
2012,5,8,MWV,SELL,100
2012,8,8,MWV,BUY,100
2012,8,15,MWV,SELL,100
2012,1,24,MYL,BUY,100
2012,1,31,MYL,SELL,100
2012,5,2,MYL,BUY,100
2012,5,9,MYL,SELL,100
2011,5,3,NBL,BUY,100
2011,5,10,NBL,SELL,100
2012,2,29,NBL,BUY,100
2012,3,7,NBL,SELL,100
2012,3,12,NBL,BUY,100
2012,3,19,NBL,SELL,100
2011,5,2,NBR,BUY,100
2011,5,9,NBR,SELL,100
2012,1,17,NBR,BUY,100
2012,1,24,NBR,SELL,100
2012,1,19,NBR,BUY,100
2012,1,26,NBR,SELL,100
2012,3,12,NBR,BUY,100
2012,3,19,NBR,SELL,100
2012,3,21,NBR,BUY,100
2012,3,28,NBR,SELL,100
2011,4,29,NDAQ,BUY,100
2011,5,6,NDAQ,SELL,100
2012,3,12,NDAQ,BUY,100
2012,3,19,NDAQ,SELL,100
2011,2,9,NE,BUY,100
2011,2,16,NE,SELL,100
2011,4,21,NE,BUY,100
2011,4,29,NE,SELL,100
2011,5,3,NE,BUY,100
2011,5,10,NE,SELL,100
2011,7,8,NE,BUY,100
2011,7,15,NE,SELL,100
2012,1,5,NE,BUY,100
2012,1,12,NE,SELL,100
2012,3,27,NE,BUY,100
2012,4,3,NE,SELL,100
2012,1,19,NEE,BUY,100
2012,1,26,NEE,SELL,100
2012,8,9,NEE,BUY,100
2012,8,16,NEE,SELL,100
2012,8,13,NEE,BUY,100
2012,8,20,NEE,SELL,100
2012,8,15,NEE,BUY,100
2012,8,22,NEE,SELL,100
2012,8,20,NEE,BUY,100
2012,8,27,NEE,SELL,100
2012,9,12,NEE,BUY,100
2012,9,19,NEE,SELL,100
2011,5,3,NEM,BUY,100
2011,5,10,NEM,SELL,100
2011,10,19,NEM,BUY,100
2011,10,26,NEM,SELL,100
2012,1,18,NEM,BUY,100
2012,1,25,NEM,SELL,100
2012,2,14,NEM,BUY,100
2012,2,22,NEM,SELL,100
2012,2,29,NEM,BUY,100
2012,3,7,NEM,SELL,100
2012,3,2,NEM,BUY,100
2012,3,9,NEM,SELL,100
2012,3,27,NEM,BUY,100
2012,4,3,NEM,SELL,100
2012,7,27,NEM,BUY,100
2012,8,3,NEM,SELL,100
2011,4,26,NFLX,BUY,100
2011,5,3,NFLX,SELL,100
2011,9,15,NFLX,BUY,100
2011,9,22,NFLX,SELL,100
2011,10,18,NFLX,BUY,100
2011,10,25,NFLX,SELL,100
2011,10,25,NFLX,BUY,100
2011,11,1,NFLX,SELL,100
2012,2,22,NFLX,BUY,100
2012,2,29,NFLX,SELL,100
2012,3,12,NFLX,BUY,100
2012,3,19,NFLX,SELL,100
2011,2,18,NFX,BUY,100
2011,2,28,NFX,SELL,100
2011,4,25,NFX,BUY,100
2011,5,2,NFX,SELL,100
2011,5,3,NFX,BUY,100
2011,5,10,NFX,SELL,100
2011,10,20,NFX,BUY,100
2011,10,27,NFX,SELL,100
2012,2,22,NFX,BUY,100
2012,2,29,NFX,SELL,100
2012,3,27,NFX,BUY,100
2012,4,3,NFX,SELL,100
2012,3,20,NI,BUY,100
2012,3,27,NI,SELL,100
2012,8,13,NI,BUY,100
2012,8,20,NI,SELL,100
2012,8,16,NI,BUY,100
2012,8,23,NI,SELL,100
2011,2,14,NOC,BUY,100
2011,2,22,NOC,SELL,100
2011,2,16,NOC,BUY,100
2011,2,24,NOC,SELL,100
2011,5,2,NOV,BUY,100
2011,5,9,NOV,SELL,100
2012,3,12,NOV,BUY,100
2012,3,19,NOV,SELL,100
2012,3,27,NOV,BUY,100
2012,4,3,NOV,SELL,100
2012,1,3,NRG,BUY,100
2012,1,10,NRG,SELL,100
2012,1,6,NRG,BUY,100
2012,1,13,NRG,SELL,100
2012,1,17,NRG,BUY,100
2012,1,24,NRG,SELL,100
2012,1,27,NRG,BUY,100
2012,2,3,NRG,SELL,100
2012,3,19,NRG,BUY,100
2012,3,26,NRG,SELL,100
2012,1,27,NSC,BUY,100
2012,2,3,NSC,SELL,100
2012,2,6,NSC,BUY,100
2012,2,13,NSC,SELL,100
2012,2,9,NSC,BUY,100
2012,2,16,NSC,SELL,100
2012,3,2,NSC,BUY,100
2012,3,9,NSC,SELL,100
2012,3,14,NSC,BUY,100
2012,3,21,NSC,SELL,100
2011,2,17,NTAP,BUY,100
2011,2,25,NTAP,SELL,100
2011,4,4,NTAP,BUY,100
2011,4,11,NTAP,SELL,100
2011,7,21,NTAP,BUY,100
2011,7,28,NTAP,SELL,100
2012,1,4,NTAP,BUY,100
2012,1,11,NTAP,SELL,100
2011,2,4,NTRS,BUY,100
2011,2,11,NTRS,SELL,100
2011,5,2,NTRS,BUY,100
2011,5,9,NTRS,SELL,100
2012,1,11,NU,BUY,100
2012,1,19,NU,SELL,100
2012,8,9,NU,BUY,100
2012,8,16,NU,SELL,100
2012,8,14,NU,BUY,100
2012,8,21,NU,SELL,100
2011,4,25,NUE,BUY,100
2011,5,2,NUE,SELL,100
2012,2,22,NUE,BUY,100
2012,2,29,NUE,SELL,100
2012,2,29,NUE,BUY,100
2012,3,7,NUE,SELL,100
2012,5,2,NUE,BUY,100
2012,5,9,NUE,SELL,100
2011,2,10,NVDA,BUY,100
2011,2,17,NVDA,SELL,100
2011,2,15,NVDA,BUY,100
2011,2,23,NVDA,SELL,100
2011,4,4,NVDA,BUY,100
2011,4,11,NVDA,SELL,100
2011,4,6,NVDA,BUY,100
2011,4,13,NVDA,SELL,100
2011,7,8,NVDA,BUY,100
2011,7,15,NVDA,SELL,100
2012,1,17,NVDA,BUY,100
2012,1,24,NVDA,SELL,100
2012,2,28,NVDA,BUY,100
2012,3,6,NVDA,SELL,100
2012,3,20,NVDA,BUY,100
2012,3,27,NVDA,SELL,100
2012,5,2,NVDA,BUY,100
2012,5,9,NVDA,SELL,100
2011,5,2,NWL,BUY,100
2011,5,9,NWL,SELL,100
2011,7,21,NWL,BUY,100
2011,7,28,NWL,SELL,100
2012,2,24,NWL,BUY,100
2012,3,2,NWL,SELL,100
2012,3,2,NWL,BUY,100
2012,3,9,NWL,SELL,100
2012,3,12,NWL,BUY,100
2012,3,19,NWL,SELL,100
2012,8,10,NWL,BUY,100
2012,8,17,NWL,SELL,100
2012,2,29,OI,BUY,100
2012,3,7,OI,SELL,100
2012,3,2,OI,BUY,100
2012,3,9,OI,SELL,100
2012,1,27,OKE,BUY,100
2012,2,3,OKE,SELL,100
2012,3,21,OKE,BUY,100
2012,3,28,OKE,SELL,100
2012,2,14,ORCL,BUY,100
2012,2,22,ORCL,SELL,100
2011,2,2,ORLY,BUY,100
2011,2,9,ORLY,SELL,100
2011,2,17,ORLY,BUY,100
2011,2,25,ORLY,SELL,100
2012,1,3,ORLY,BUY,100
2012,1,10,ORLY,SELL,100
2012,7,30,ORLY,BUY,100
2012,8,6,ORLY,SELL,100
2012,8,9,ORLY,BUY,100
2012,8,16,ORLY,SELL,100
2012,3,20,OXY,BUY,100
2012,3,27,OXY,SELL,100
2012,2,13,PAYX,BUY,100
2012,2,21,PAYX,SELL,100
2012,2,21,PAYX,BUY,100
2012,2,28,PAYX,SELL,100
2012,2,27,PAYX,BUY,100
2012,3,5,PAYX,SELL,100
2012,1,24,PBCT,BUY,100
2012,1,31,PBCT,SELL,100
2011,4,29,PBI,BUY,100
2011,5,6,PBI,SELL,100
2012,2,10,PBI,BUY,100
2012,2,17,PBI,SELL,100
2011,2,1,PCAR,BUY,100
2011,2,8,PCAR,SELL,100
2012,2,14,PCAR,BUY,100
2012,2,22,PCAR,SELL,100
2011,2,2,PCG,BUY,100
2011,2,9,PCG,SELL,100
2011,2,14,PCG,BUY,100
2011,2,22,PCG,SELL,100
2011,11,3,PCG,BUY,100
2011,11,10,PCG,SELL,100
2012,1,20,PCG,BUY,100
2012,1,27,PCG,SELL,100
2012,8,15,PCG,BUY,100
2012,8,22,PCG,SELL,100
2012,9,11,PCG,BUY,100
2012,9,18,PCG,SELL,100
2012,2,21,PCL,BUY,100
2012,2,28,PCL,SELL,100
2012,5,1,PCL,BUY,100
2012,5,8,PCL,SELL,100
2012,8,8,PCLN,BUY,100
2012,8,15,PCLN,SELL,100
2012,1,26,PCP,BUY,100
2012,2,2,PCP,SELL,100
2012,9,10,PCP,BUY,100
2012,9,17,PCP,SELL,100
2011,9,16,PCS,BUY,100
2011,9,23,PCS,SELL,100
2012,1,5,PCS,BUY,100
2012,1,12,PCS,SELL,100
2012,3,27,PCS,BUY,100
2012,4,3,PCS,SELL,100
2012,2,29,PDCO,BUY,100
2012,3,7,PDCO,SELL,100
2012,7,31,PDCO,BUY,100
2012,8,7,PDCO,SELL,100
2011,2,16,PEG,BUY,100
2011,2,24,PEG,SELL,100
2012,1,11,PEG,BUY,100
2012,1,19,PEG,SELL,100
2012,1,13,PEG,BUY,100
2012,1,23,PEG,SELL,100
2012,1,24,PEG,BUY,100
2012,1,31,PEG,SELL,100
2012,1,27,PEG,BUY,100
2012,2,3,PEG,SELL,100
2012,2,2,PEG,BUY,100
2012,2,9,PEG,SELL,100
2012,3,14,PEG,BUY,100
2012,3,21,PEG,SELL,100
2012,9,12,PEG,BUY,100
2012,9,19,PEG,SELL,100
2011,2,10,PEP,BUY,100
2011,2,17,PEP,SELL,100
2011,2,18,PEP,BUY,100
2011,2,28,PEP,SELL,100
2011,7,21,PEP,BUY,100
2011,7,28,PEP,SELL,100
2012,1,12,PEP,BUY,100
2012,1,20,PEP,SELL,100
2012,2,9,PEP,BUY,100
2012,2,16,PEP,SELL,100
2012,9,11,PEP,BUY,100
2012,9,18,PEP,SELL,100
2011,4,21,PFE,BUY,100
2011,4,29,PFE,SELL,100
2011,7,8,PFE,BUY,100
2011,7,15,PFE,SELL,100
2012,1,26,PFE,BUY,100
2012,2,2,PFE,SELL,100
2012,2,10,PFE,BUY,100
2012,2,17,PFE,SELL,100
2012,2,23,PFE,BUY,100
2012,3,1,PFE,SELL,100
2011,2,8,PFG,BUY,100
2011,2,15,PFG,SELL,100
2011,2,14,PFG,BUY,100
2011,2,22,PFG,SELL,100
2012,2,10,PFG,BUY,100
2012,2,17,PFG,SELL,100
2012,5,2,PFG,BUY,100
2012,5,9,PFG,SELL,100
2012,7,27,PFG,BUY,100
2012,8,3,PFG,SELL,100
2012,1,23,PG,BUY,100
2012,1,30,PG,SELL,100
2012,6,20,PG,BUY,100
2012,6,27,PG,SELL,100
2011,4,26,PGR,BUY,100
2011,5,3,PGR,SELL,100
2012,8,6,PGR,BUY,100
2012,8,13,PGR,SELL,100
2011,4,27,PH,BUY,100
2011,5,4,PH,SELL,100
2011,5,3,PH,BUY,100
2011,5,10,PH,SELL,100
2012,3,21,PH,BUY,100
2012,3,28,PH,SELL,100
2012,3,27,PH,BUY,100
2012,4,3,PH,SELL,100
2011,2,2,PHM,BUY,100
2011,2,9,PHM,SELL,100
2011,2,10,PHM,BUY,100
2011,2,17,PHM,SELL,100
2012,4,2,PHM,BUY,100
2012,4,10,PHM,SELL,100
2012,1,17,PM,BUY,100
2012,1,24,PM,SELL,100
2011,4,25,PNC,BUY,100
2011,5,2,PNC,SELL,100
2012,2,28,PNW,BUY,100
2012,3,6,PNW,SELL,100
2012,8,20,PNW,BUY,100
2012,8,27,PNW,SELL,100
2012,1,19,POM,BUY,100
2012,1,26,POM,SELL,100
2012,1,23,POM,BUY,100
2012,1,30,POM,SELL,100
2012,1,27,POM,BUY,100
2012,2,3,POM,SELL,100
2012,2,28,POM,BUY,100
2012,3,6,POM,SELL,100
2012,3,14,POM,BUY,100
2012,3,21,POM,SELL,100
2012,8,15,POM,BUY,100
2012,8,22,POM,SELL,100
2012,9,12,POM,BUY,100
2012,9,19,POM,SELL,100
2011,5,3,PPG,BUY,100
2011,5,10,PPG,SELL,100
2011,2,4,PPL,BUY,100
2011,2,11,PPL,SELL,100
2012,1,6,PPL,BUY,100
2012,1,13,PPL,SELL,100
2012,1,11,PPL,BUY,100
2012,1,19,PPL,SELL,100
2012,2,2,PPL,BUY,100
2012,2,9,PPL,SELL,100
2012,3,20,PPL,BUY,100
2012,3,27,PPL,SELL,100
2012,9,12,PPL,BUY,100
2012,9,19,PPL,SELL,100
2011,10,27,PRGO,BUY,100
2011,11,3,PRGO,SELL,100
2012,1,4,PRGO,BUY,100
2012,1,11,PRGO,SELL,100
2012,1,26,PRGO,BUY,100
2012,2,2,PRGO,SELL,100
2012,2,8,PRGO,BUY,100
2012,2,15,PRGO,SELL,100
2012,8,16,PRGO,BUY,100
2012,8,23,PRGO,SELL,100
2012,2,22,PSA,BUY,100
2012,2,29,PSA,SELL,100
2012,2,24,PSA,BUY,100
2012,3,2,PSA,SELL,100
2012,8,8,PSA,BUY,100
2012,8,15,PSA,SELL,100
2012,8,20,PSA,BUY,100
2012,8,27,PSA,SELL,100
2012,5,1,PSX,BUY,100
2012,5,8,PSX,SELL,100
2011,4,25,PWR,BUY,100
2011,5,2,PWR,SELL,100
2012,1,20,PWR,BUY,100
2012,1,27,PWR,SELL,100
2012,2,22,PWR,BUY,100
2012,2,29,PWR,SELL,100
2012,7,19,PWR,BUY,100
2012,7,26,PWR,SELL,100
2011,7,22,PX,BUY,100
2011,7,29,PX,SELL,100
2012,1,25,PX,BUY,100
2012,2,1,PX,SELL,100
2012,2,2,PX,BUY,100
2012,2,9,PX,SELL,100
2012,7,31,PX,BUY,100
2012,8,7,PX,SELL,100
2011,5,3,PXD,BUY,100
2011,5,10,PXD,SELL,100
2012,3,12,PXD,BUY,100
2012,3,19,PXD,SELL,100
2012,3,14,PXD,BUY,100
2012,3,21,PXD,SELL,100
2012,3,21,PXD,BUY,100
2012,3,28,PXD,SELL,100
2012,6,18,PXD,BUY,100
2012,6,25,PXD,SELL,100
2012,6,20,PXD,BUY,100
2012,6,27,PXD,SELL,100
2011,2,10,QEP,BUY,100
2011,2,17,QEP,SELL,100
2012,1,12,QEP,BUY,100
2012,1,20,QEP,SELL,100
2012,3,12,QEP,BUY,100
2012,3,19,QEP,SELL,100
2012,8,13,QEP,BUY,100
2012,8,20,QEP,SELL,100
2011,2,2,R,BUY,100
2011,2,9,R,SELL,100
2011,2,15,R,BUY,100
2011,2,23,R,SELL,100
2012,2,2,R,BUY,100
2012,2,9,R,SELL,100
2012,2,22,R,BUY,100
2012,2,29,R,SELL,100
2012,2,27,R,BUY,100
2012,3,5,R,SELL,100
2011,2,3,RAI,BUY,100
2011,2,10,RAI,SELL,100
2011,2,7,RAI,BUY,100
2011,2,14,RAI,SELL,100
2011,7,22,RAI,BUY,100
2011,7,29,RAI,SELL,100
2012,1,6,RAI,BUY,100
2012,1,13,RAI,SELL,100
2012,1,19,RAI,BUY,100
2012,1,26,RAI,SELL,100
2012,8,9,RAI,BUY,100
2012,8,16,RAI,SELL,100
2012,8,22,RAI,BUY,100
2012,8,29,RAI,SELL,100
2012,9,7,RAI,BUY,100
2012,9,14,RAI,SELL,100
2011,5,2,RDC,BUY,100
2011,5,9,RDC,SELL,100
2012,3,2,RDC,BUY,100
2012,3,9,RDC,SELL,100
2012,3,9,RDC,BUY,100
2012,3,16,RDC,SELL,100
2012,3,21,RDC,BUY,100
2012,3,28,RDC,SELL,100
2011,7,6,RF,BUY,100
2011,7,13,RF,SELL,100
2012,3,12,RF,BUY,100
2012,3,19,RF,SELL,100
2012,1,27,RHI,BUY,100
2012,2,3,RHI,SELL,100
2012,2,29,RHI,BUY,100
2012,3,7,RHI,SELL,100
2012,3,2,RHI,BUY,100
2012,3,9,RHI,SELL,100
2012,7,31,RHI,BUY,100
2012,8,7,RHI,SELL,100
2011,4,27,ROK,BUY,100
2011,5,4,ROK,SELL,100
2012,7,2,ROK,BUY,100
2012,7,10,ROK,SELL,100
2012,9,11,ROK,BUY,100
2012,9,18,ROK,SELL,100
2012,2,10,ROP,BUY,100
2012,2,17,ROP,SELL,100
2012,2,28,ROP,BUY,100
2012,3,6,ROP,SELL,100
2012,7,3,ROST,BUY,100
2012,7,11,ROST,SELL,100
2012,9,10,ROST,BUY,100
2012,9,17,ROST,SELL,100
2011,4,25,RRC,BUY,100
2011,5,2,RRC,SELL,100
2012,1,9,RRC,BUY,100
2012,1,17,RRC,SELL,100
2012,3,12,RRC,BUY,100
2012,3,19,RRC,SELL,100
2011,4,25,RRD,BUY,100
2011,5,2,RRD,SELL,100
2012,1,17,RRD,BUY,100
2012,1,24,RRD,SELL,100
2012,8,22,RRD,BUY,100
2012,8,29,RRD,SELL,100
2011,2,11,RSG,BUY,100
2011,2,18,RSG,SELL,100
2011,4,21,RSG,BUY,100
2011,4,29,RSG,SELL,100
2012,6,15,RSG,BUY,100
2012,6,22,RSG,SELL,100
2012,8,22,RSG,BUY,100
2012,8,29,RSG,SELL,100
2011,2,8,S,BUY,100
2011,2,15,S,SELL,100
2012,1,5,S,BUY,100
2012,1,12,S,SELL,100
2012,1,17,S,BUY,100
2012,1,24,S,SELL,100
2012,1,24,S,BUY,100
2012,1,31,S,SELL,100
2011,2,14,SAI,BUY,100
2011,2,22,SAI,SELL,100
2011,2,16,SAI,BUY,100
2011,2,24,SAI,SELL,100
2011,7,5,SAI,BUY,100
2011,7,12,SAI,SELL,100
2011,9,1,SAI,BUY,100
2011,9,9,SAI,SELL,100
2012,2,6,SAI,BUY,100
2012,2,13,SAI,SELL,100
2012,2,10,SAI,BUY,100
2012,2,17,SAI,SELL,100
2012,2,24,SAI,BUY,100
2012,3,2,SAI,SELL,100
2012,7,19,SAI,BUY,100
2012,7,26,SAI,SELL,100
2012,7,3,SBUX,BUY,100
2012,7,11,SBUX,SELL,100
2012,7,27,SBUX,BUY,100
2012,8,3,SBUX,SELL,100
2011,2,11,SCG,BUY,100
2011,2,18,SCG,SELL,100
2012,3,1,SCG,BUY,100
2012,3,8,SCG,SELL,100
2011,2,3,SCHW,BUY,100
2011,2,10,SCHW,SELL,100
2011,5,3,SCHW,BUY,100
2011,5,10,SCHW,SELL,100
2011,7,6,SCHW,BUY,100
2011,7,13,SCHW,SELL,100
2011,7,8,SCHW,BUY,100
2011,7,15,SCHW,SELL,100
2012,5,2,SCHW,BUY,100
2012,5,9,SCHW,SELL,100
2012,2,3,SE,BUY,100
2012,2,10,SE,SELL,100
2012,6,18,SE,BUY,100
2012,6,25,SE,SELL,100
2012,8,8,SE,BUY,100
2012,8,15,SE,SELL,100
2012,8,13,SE,BUY,100
2012,8,20,SE,SELL,100
2011,4,27,SEE,BUY,100
2011,5,4,SEE,SELL,100
2012,2,14,SEE,BUY,100
2012,2,22,SEE,SELL,100
2012,3,12,SEE,BUY,100
2012,3,19,SEE,SELL,100
2012,8,20,SEE,BUY,100
2012,8,27,SEE,SELL,100
2011,5,3,SHLD,BUY,100
2011,5,10,SHLD,SELL,100
2012,7,30,SHLD,BUY,100
2012,8,6,SHLD,SELL,100
2011,4,21,SHW,BUY,100
2011,4,29,SHW,SELL,100
2011,7,21,SHW,BUY,100
2011,7,28,SHW,SELL,100
2012,7,18,SHW,BUY,100
2012,7,25,SHW,SELL,100
2011,2,9,SIAL,BUY,100
2011,2,16,SIAL,SELL,100
2012,1,9,SIAL,BUY,100
2012,1,17,SIAL,SELL,100
2011,5,3,SLB,BUY,100
2011,5,10,SLB,SELL,100
2012,3,2,SLB,BUY,100
2012,3,9,SLB,SELL,100
2012,3,12,SLB,BUY,100
2012,3,19,SLB,SELL,100
2012,3,21,SLB,BUY,100
2012,3,28,SLB,SELL,100
2012,5,1,SLM,BUY,100
2012,5,8,SLM,SELL,100
2011,7,22,SNA,BUY,100
2011,7,29,SNA,SELL,100
2012,1,3,SNDK,BUY,100
2012,1,10,SNDK,SELL,100
2012,1,26,SNDK,BUY,100
2012,2,2,SNDK,SELL,100
2012,2,7,SNDK,BUY,100
2012,2,14,SNDK,SELL,100
2012,2,10,SNI,BUY,100
2012,2,17,SNI,SELL,100
2011,2,2,SO,BUY,100
2011,2,9,SO,SELL,100
2011,2,4,SO,BUY,100
2011,2,11,SO,SELL,100
2012,2,2,SO,BUY,100
2012,2,9,SO,SELL,100
2012,2,21,SO,BUY,100
2012,2,28,SO,SELL,100
2012,2,29,SO,BUY,100
2012,3,7,SO,SELL,100
2012,3,19,SO,BUY,100
2012,3,26,SO,SELL,100
2012,6,29,SO,BUY,100
2012,7,9,SO,SELL,100
2012,8,9,SO,BUY,100
2012,8,16,SO,SELL,100
2012,8,13,SO,BUY,100
2012,8,20,SO,SELL,100
2012,9,11,SO,BUY,100
2012,9,18,SO,SELL,100
2012,2,22,SPG,BUY,100
2012,2,29,SPG,SELL,100
2012,2,29,SPG,BUY,100
2012,3,7,SPG,SELL,100
2012,8,9,SPG,BUY,100
2012,8,16,SPG,SELL,100
2012,9,10,SPG,BUY,100
2012,9,17,SPG,SELL,100
2011,2,2,SPLS,BUY,100
2011,2,9,SPLS,SELL,100
2011,2,8,SPLS,BUY,100
2011,2,15,SPLS,SELL,100
2011,2,14,SPLS,BUY,100
2011,2,22,SPLS,SELL,100
2011,2,16,SPLS,BUY,100
2011,2,24,SPLS,SELL,100
2011,3,31,SPLS,BUY,100
2011,4,7,SPLS,SELL,100
2012,2,2,SPLS,BUY,100
2012,2,9,SPLS,SELL,100
2012,2,29,SPLS,BUY,100
2012,3,7,SPLS,SELL,100
2012,5,1,SPLS,BUY,100
2012,5,8,SPLS,SELL,100
2012,8,15,SPLS,BUY,100
2012,8,22,SPLS,SELL,100
2011,5,3,SRCL,BUY,100
2011,5,10,SRCL,SELL,100
2012,1,4,SRCL,BUY,100
2012,1,11,SRCL,SELL,100
2012,3,20,SRCL,BUY,100
2012,3,27,SRCL,SELL,100
2012,8,6,SRCL,BUY,100
2012,8,13,SRCL,SELL,100
2012,8,13,SRE,BUY,100
2012,8,20,SRE,SELL,100
2012,3,12,STI,BUY,100
2012,3,19,STI,SELL,100
2012,2,29,STJ,BUY,100
2012,3,7,STJ,SELL,100
2012,3,12,STJ,BUY,100
2012,3,19,STJ,SELL,100
2012,8,16,STJ,BUY,100
2012,8,23,STJ,SELL,100
2011,2,3,STT,BUY,100
2011,2,10,STT,SELL,100
2011,2,14,STT,BUY,100
2011,2,22,STT,SELL,100
2011,7,22,STT,BUY,100
2011,7,29,STT,SELL,100
2012,1,18,STT,BUY,100
2012,1,25,STT,SELL,100
2012,1,25,STT,BUY,100
2012,2,1,STT,SELL,100
2011,2,18,STX,BUY,100
2011,2,28,STX,SELL,100
2011,7,21,STX,BUY,100
2011,7,28,STX,SELL,100
2012,3,15,STX,BUY,100
2012,3,22,STX,SELL,100
2012,3,19,STX,BUY,100
2012,3,26,STX,SELL,100
2011,6,30,STZ,BUY,100
2011,7,8,STZ,SELL,100
2011,5,3,SUN,BUY,100
2011,5,10,SUN,SELL,100
2012,1,18,SUN,BUY,100
2012,1,25,SUN,SELL,100
2012,2,29,SUN,BUY,100
2012,3,7,SUN,SELL,100
2012,8,20,SUN,BUY,100
2012,8,27,SUN,SELL,100
2011,4,28,SWK,BUY,100
2011,5,5,SWK,SELL,100
2011,2,9,SWN,BUY,100
2011,2,16,SWN,SELL,100
2012,1,11,SWN,BUY,100
2012,1,19,SWN,SELL,100
2012,8,3,SWN,BUY,100
2012,8,10,SWN,SELL,100
2011,2,2,SWY,BUY,100
2011,2,9,SWY,SELL,100
2011,7,21,SWY,BUY,100
2011,7,28,SWY,SELL,100
2012,1,12,SWY,BUY,100
2012,1,20,SWY,SELL,100
2012,2,23,SWY,BUY,100
2012,3,1,SWY,SELL,100
2012,3,21,SWY,BUY,100
2012,3,28,SWY,SELL,100
2012,3,26,SWY,BUY,100
2012,4,2,SWY,SELL,100
2012,5,2,SWY,BUY,100
2012,5,9,SWY,SELL,100
2012,6,15,SWY,BUY,100
2012,6,22,SWY,SELL,100
2011,4,6,SYK,BUY,100
2011,4,13,SYK,SELL,100
2012,2,21,SYK,BUY,100
2012,2,28,SYK,SELL,100
2012,3,1,SYK,BUY,100
2012,3,8,SYK,SELL,100
2012,3,12,SYK,BUY,100
2012,3,19,SYK,SELL,100
2012,7,19,SYK,BUY,100
2012,7,26,SYK,SELL,100
2011,2,7,SYY,BUY,100
2011,2,14,SYY,SELL,100
2012,2,7,SYY,BUY,100
2012,2,14,SYY,SELL,100
2012,5,2,SYY,BUY,100
2012,5,9,SYY,SELL,100
2012,9,12,SYY,BUY,100
2012,9,19,SYY,SELL,100
2011,2,2,T,BUY,100
2011,2,9,T,SELL,100
2012,1,26,T,BUY,100
2012,2,2,T,SELL,100
2011,2,10,TAP,BUY,100
2011,2,17,TAP,SELL,100
2011,2,18,TAP,BUY,100
2011,2,28,TAP,SELL,100
2011,5,3,TAP,BUY,100
2011,5,10,TAP,SELL,100
2012,1,24,TAP,BUY,100
2012,1,31,TAP,SELL,100
2012,1,6,TDC,BUY,100
2012,1,13,TDC,SELL,100
2012,1,11,TDC,BUY,100
2012,1,19,TDC,SELL,100
2012,9,10,TDC,BUY,100
2012,9,17,TDC,SELL,100
2011,2,8,TE,BUY,100
2011,2,15,TE,SELL,100
2012,1,17,TE,BUY,100
2012,1,24,TE,SELL,100
2012,2,2,TE,BUY,100
2012,2,9,TE,SELL,100
2012,2,9,TE,BUY,100
2012,2,16,TE,SELL,100
2012,3,14,TE,BUY,100
2012,3,21,TE,SELL,100
2012,3,19,TE,BUY,100
2012,3,26,TE,SELL,100
2012,8,7,TE,BUY,100
2012,8,14,TE,SELL,100
2012,9,12,TE,BUY,100
2012,9,19,TE,SELL,100
2012,1,13,TEG,BUY,100
2012,1,23,TEG,SELL,100
2012,2,29,TEG,BUY,100
2012,3,7,TEG,SELL,100
2012,8,9,TEG,BUY,100
2012,8,16,TEG,SELL,100
2012,9,12,TEG,BUY,100
2012,9,19,TEG,SELL,100
2011,4,28,TER,BUY,100
2011,5,5,TER,SELL,100
2012,2,22,TER,BUY,100
2012,2,29,TER,SELL,100
2012,2,24,TER,BUY,100
2012,3,2,TER,SELL,100
2012,2,29,TER,BUY,100
2012,3,7,TER,SELL,100
2011,2,2,TGT,BUY,100
2011,2,9,TGT,SELL,100
2011,2,14,TGT,BUY,100
2011,2,22,TGT,SELL,100
2011,2,16,TGT,BUY,100
2011,2,24,TGT,SELL,100
2011,4,7,TGT,BUY,100
2011,4,14,TGT,SELL,100
2011,4,25,TGT,BUY,100
2011,5,2,TGT,SELL,100
2011,4,29,TGT,BUY,100
2011,5,6,TGT,SELL,100
2011,11,3,TGT,BUY,100
2011,11,10,TGT,SELL,100
2012,7,5,TGT,BUY,100
2012,7,12,TGT,SELL,100
2012,3,20,THC,BUY,100
2012,3,27,THC,SELL,100
2012,7,18,THC,BUY,100
2012,7,25,THC,SELL,100
2012,2,8,TIE,BUY,100
2012,2,15,TIE,SELL,100
2012,2,22,TIE,BUY,100
2012,2,29,TIE,SELL,100
2012,2,29,TIE,BUY,100
2012,3,7,TIE,SELL,100
2012,3,14,TIE,BUY,100
2012,3,21,TIE,SELL,100
2012,1,10,TIF,BUY,100
2012,1,18,TIF,SELL,100
2012,8,9,TMK,BUY,100
2012,8,16,TMK,SELL,100
2011,10,26,TMO,BUY,100
2011,11,2,TMO,SELL,100
2012,3,12,TMO,BUY,100
2012,3,19,TMO,SELL,100
2012,2,9,TRIP,BUY,100
2012,2,16,TRIP,SELL,100
2012,2,13,TRIP,BUY,100
2012,2,21,TRIP,SELL,100
2012,8,10,TRIP,BUY,100
2012,8,17,TRIP,SELL,100
2011,4,21,TROW,BUY,100
2011,4,29,TROW,SELL,100
2012,2,2,TROW,BUY,100
2012,2,9,TROW,SELL,100
2012,7,30,TROW,BUY,100
2012,8,6,TROW,SELL,100
2012,1,24,TRV,BUY,100
2012,1,31,TRV,SELL,100
2012,1,26,TRV,BUY,100
2012,2,2,TRV,SELL,100
2012,2,24,TRV,BUY,100
2012,3,2,TRV,SELL,100
2011,7,22,TSN,BUY,100
2011,7,29,TSN,SELL,100
2012,1,9,TSN,BUY,100
2012,1,17,TSN,SELL,100
2012,1,11,TSN,BUY,100
2012,1,19,TSN,SELL,100
2012,2,22,TSN,BUY,100
2012,2,29,TSN,SELL,100
2012,6,14,TSN,BUY,100
2012,6,21,TSN,SELL,100
2012,7,2,TSN,BUY,100
2012,7,10,TSN,SELL,100
2012,8,6,TSN,BUY,100
2012,8,13,TSN,SELL,100
2011,5,3,TSO,BUY,100
2011,5,10,TSO,SELL,100
2011,12,7,TSO,BUY,100
2011,12,14,TSO,SELL,100
2012,6,14,TSO,BUY,100
2012,6,21,TSO,SELL,100
2012,8,22,TSS,BUY,100
2012,8,29,TSS,SELL,100
2011,10,27,TWC,BUY,100
2011,11,3,TWC,SELL,100
2012,2,22,TWX,BUY,100
2012,2,29,TWX,SELL,100
2012,3,2,TWX,BUY,100
2012,3,9,TWX,SELL,100
2012,3,2,TXN,BUY,100
2012,3,9,TXN,SELL,100
2012,9,10,TXN,BUY,100
2012,9,17,TXN,SELL,100
2011,5,3,TXT,BUY,100
2011,5,10,TXT,SELL,100
2012,9,10,TYC,BUY,100
2012,9,17,TYC,SELL,100
2012,1,26,UNH,BUY,100
2012,2,2,UNH,SELL,100
2012,2,3,UNH,BUY,100
2012,2,10,UNH,SELL,100
2012,3,20,UNH,BUY,100
2012,3,27,UNH,SELL,100
2012,7,2,UNH,BUY,100
2012,7,10,UNH,SELL,100
2012,7,19,UNH,BUY,100
2012,7,26,UNH,SELL,100
2012,9,11,UNH,BUY,100
2012,9,18,UNH,SELL,100
2011,4,25,UNM,BUY,100
2011,5,2,UNM,SELL,100
2012,2,10,UNM,BUY,100
2012,2,17,UNM,SELL,100
2012,5,2,UNM,BUY,100
2012,5,9,UNM,SELL,100
2012,6,18,UNM,BUY,100
2012,6,25,UNM,SELL,100
2012,2,29,UNP,BUY,100
2012,3,7,UNP,SELL,100
2012,3,9,UNP,BUY,100
2012,3,16,UNP,SELL,100
2012,3,14,UNP,BUY,100
2012,3,21,UNP,SELL,100
2011,6,29,URBN,BUY,100
2011,7,7,URBN,SELL,100
2012,1,11,URBN,BUY,100
2012,1,19,URBN,SELL,100
2012,3,15,URBN,BUY,100
2012,3,22,URBN,SELL,100
2012,8,14,USB,BUY,100
2012,8,21,USB,SELL,100
2012,8,22,USB,BUY,100
2012,8,29,USB,SELL,100
2012,1,23,V,BUY,100
2012,1,30,V,SELL,100
2012,1,26,VAR,BUY,100
2012,2,2,VAR,SELL,100
2012,2,8,VAR,BUY,100
2012,2,15,VAR,SELL,100
2012,2,29,VAR,BUY,100
2012,3,7,VAR,SELL,100
2012,2,1,VFC,BUY,100
2012,2,8,VFC,SELL,100
2011,11,3,VIAB,BUY,100
2011,11,10,VIAB,SELL,100
2012,2,2,VIAB,BUY,100
2012,2,9,VIAB,SELL,100
2012,2,27,VIAB,BUY,100
2012,3,5,VIAB,SELL,100
2012,3,15,VIAB,BUY,100
2012,3,22,VIAB,SELL,100
2012,3,21,VIAB,BUY,100
2012,3,28,VIAB,SELL,100
2011,5,3,VLO,BUY,100
2011,5,10,VLO,SELL,100
2012,1,5,VLO,BUY,100
2012,1,12,VLO,SELL,100
2012,1,9,VLO,BUY,100
2012,1,17,VLO,SELL,100
2012,2,29,VMC,BUY,100
2012,3,7,VMC,SELL,100
2012,2,28,VNO,BUY,100
2012,3,6,VNO,SELL,100
2012,8,8,VNO,BUY,100
2012,8,15,VNO,SELL,100
2011,5,3,VRSN,BUY,100
2011,5,10,VRSN,SELL,100
2012,2,17,VTR,BUY,100
2012,2,27,VTR,SELL,100
2012,8,8,VTR,BUY,100
2012,8,15,VTR,SELL,100
2011,4,21,VZ,BUY,100
2011,4,29,VZ,SELL,100
2012,1,23,VZ,BUY,100
2012,1,30,VZ,SELL,100
2012,2,2,VZ,BUY,100
2012,2,9,VZ,SELL,100
2012,3,27,VZ,BUY,100
2012,4,3,VZ,SELL,100
2012,8,20,VZ,BUY,100
2012,8,27,VZ,SELL,100
2011,7,21,WAG,BUY,100
2011,7,28,WAG,SELL,100
2012,1,13,WAG,BUY,100
2012,1,23,WAG,SELL,100
2012,2,8,WAG,BUY,100
2012,2,15,WAG,SELL,100
2012,2,29,WAG,BUY,100
2012,3,7,WAG,SELL,100
2012,6,19,WAG,BUY,100
2012,6,26,WAG,SELL,100
2012,9,6,WAG,BUY,100
2012,9,13,WAG,SELL,100
2011,2,4,WAT,BUY,100
2011,2,11,WAT,SELL,100
2012,8,17,WAT,BUY,100
2012,8,24,WAT,SELL,100
2011,2,18,WDC,BUY,100
2011,2,28,WDC,SELL,100
2011,7,21,WDC,BUY,100
2011,7,28,WDC,SELL,100
2011,10,19,WDC,BUY,100
2011,10,26,WDC,SELL,100
2012,3,16,WDC,BUY,100
2012,3,23,WDC,SELL,100
2012,9,7,WDC,BUY,100
2012,9,14,WDC,SELL,100
2011,2,4,WEC,BUY,100
2011,2,11,WEC,SELL,100
2011,2,14,WEC,BUY,100
2011,2,22,WEC,SELL,100
2012,1,18,WEC,BUY,100
2012,1,25,WEC,SELL,100
2012,1,24,WEC,BUY,100
2012,1,31,WEC,SELL,100
2012,2,29,WEC,BUY,100
2012,3,7,WEC,SELL,100
2012,8,7,WEC,BUY,100
2012,8,14,WEC,SELL,100
2012,9,7,WEC,BUY,100
2012,9,14,WEC,SELL,100
2011,4,28,WFM,BUY,100
2011,5,5,WFM,SELL,100
2011,2,15,WHR,BUY,100
2011,2,23,WHR,SELL,100
2011,10,28,WHR,BUY,100
2011,11,4,WHR,SELL,100
2011,12,27,WHR,BUY,100
2012,1,4,WHR,SELL,100
2011,2,18,WIN,BUY,100
2011,2,28,WIN,SELL,100
2012,2,22,WIN,BUY,100
2012,2,29,WIN,SELL,100
2012,2,27,WIN,BUY,100
2012,3,5,WIN,SELL,100
2012,3,20,WIN,BUY,100
2012,3,27,WIN,SELL,100
2012,8,9,WIN,BUY,100
2012,8,16,WIN,SELL,100
2012,8,20,WIN,BUY,100
2012,8,27,WIN,SELL,100
2012,1,25,WLP,BUY,100
2012,2,1,WLP,SELL,100
2012,3,12,WLP,BUY,100
2012,3,19,WLP,SELL,100
2011,7,22,WM,BUY,100
2011,7,29,WM,SELL,100
2012,2,16,WM,BUY,100
2012,2,24,WM,SELL,100
2011,2,14,WMT,BUY,100
2011,2,22,WMT,SELL,100
2012,2,21,WMT,BUY,100
2012,2,28,WMT,SELL,100
2012,8,16,WMT,BUY,100
2012,8,23,WMT,SELL,100
2012,1,17,WPI,BUY,100
2012,1,24,WPI,SELL,100
2012,1,20,WPI,BUY,100
2012,1,27,WPI,SELL,100
2011,9,1,WPO,BUY,100
2011,9,9,WPO,SELL,100
2012,3,21,WPO,BUY,100
2012,3,28,WPO,SELL,100
2012,1,5,WPX,BUY,100
2012,1,12,WPX,SELL,100
2012,8,15,WPX,BUY,100
2012,8,22,WPX,SELL,100
2012,8,20,WPX,BUY,100
2012,8,27,WPX,SELL,100
2012,8,22,WPX,BUY,100
2012,8,29,WPX,SELL,100
2011,3,31,WU,BUY,100
2011,4,7,WU,SELL,100
2011,4,5,WU,BUY,100
2011,4,12,WU,SELL,100
2011,7,5,WU,BUY,100
2011,7,12,WU,SELL,100
2012,2,8,WU,BUY,100
2012,2,15,WU,SELL,100
2012,2,21,WU,BUY,100
2012,2,28,WU,SELL,100
2011,4,7,WY,BUY,100
2011,4,14,WY,SELL,100
2012,2,10,WY,BUY,100
2012,2,17,WY,SELL,100
2012,2,14,WY,BUY,100
2012,2,22,WY,SELL,100
2011,10,21,WYNN,BUY,100
2011,10,28,WYNN,SELL,100
2012,2,13,WYNN,BUY,100
2012,2,21,WYNN,SELL,100
2012,6,15,WYNN,BUY,100
2012,6,22,WYNN,SELL,100
2011,4,26,X,BUY,100
2011,5,3,X,SELL,100
2012,2,14,X,BUY,100
2012,2,22,X,SELL,100
2012,2,17,X,BUY,100
2012,2,27,X,SELL,100
2012,2,22,X,BUY,100
2012,2,29,X,SELL,100
2012,2,29,X,BUY,100
2012,3,7,X,SELL,100
2012,6,18,X,BUY,100
2012,6,25,X,SELL,100
2012,1,19,XEL,BUY,100
2012,1,26,XEL,SELL,100
2012,2,2,XEL,BUY,100
2012,2,9,XEL,SELL,100
2012,2,6,XEL,BUY,100
2012,2,13,XEL,SELL,100
2012,3,2,XEL,BUY,100
2012,3,9,XEL,SELL,100
2012,3,19,XEL,BUY,100
2012,3,26,XEL,SELL,100
2012,8,9,XEL,BUY,100
2012,8,16,XEL,SELL,100
2012,8,13,XEL,BUY,100
2012,8,20,XEL,SELL,100
2011,2,15,XL,BUY,100
2011,2,23,XL,SELL,100
2012,2,10,XL,BUY,100
2012,2,17,XL,SELL,100
2012,3,12,XLNX,BUY,100
2012,3,19,XLNX,SELL,100
2012,3,20,XLNX,BUY,100
2012,3,27,XLNX,SELL,100
2012,7,19,XLNX,BUY,100
2012,7,26,XLNX,SELL,100
2012,2,10,XOM,BUY,100
2012,2,17,XOM,SELL,100
2012,3,9,XOM,BUY,100
2012,3,16,XOM,SELL,100
2011,4,21,XRX,BUY,100
2011,4,29,XRX,SELL,100
2012,1,25,XRX,BUY,100
2012,2,1,XRX,SELL,100
2012,2,29,XYL,BUY,100
2012,3,7,XYL,SELL,100
2012,6,20,XYL,BUY,100
2012,6,27,XYL,SELL,100
2012,2,14,YHOO,BUY,100
2012,2,22,YHOO,SELL,100
2012,2,29,YHOO,BUY,100
2012,3,7,YHOO,SELL,100
2012,3,2,YHOO,BUY,100
2012,3,9,YHOO,SELL,100
2012,8,10,YHOO,BUY,100
2012,8,17,YHOO,SELL,100
2011,4,4,YUM,BUY,100
2011,4,11,YUM,SELL,100
2012,7,3,YUM,BUY,100
2012,7,11,YUM,SELL,100
2012,1,26,ZION,BUY,100
2012,2,2,ZION,SELL,100
2012,7,30,ZION,BUY,100
2012,8,6,ZION,SELL,100
2011,10,17,ZMH,BUY,100
2011,10,24,ZMH,SELL,100
2012,2,29,ZMH,BUY,100
2012,3,7,ZMH,SELL,100
